[{"model": "admin.logentry", "pk": 1, "fields": {"action_time": "2022-07-28T17:27:37.912Z", "user": 1, "content_type": 7, "object_id": "1", "object_repr": "Movie object (1)", "action_flag": 1, "change_message": "[{\"added\": {}}]"}}, {"model": "admin.logentry", "pk": 2, "fields": {"action_time": "2022-07-28T17:27:47.471Z", "user": 1, "content_type": 7, "object_id": "1", "object_repr": "Movie object (1)", "action_flag": 3, "change_message": ""}}, {"model": "admin.logentry", "pk": 3, "fields": {"action_time": "2022-07-28T17:30:31.300Z", "user": 1, "content_type": 11, "object_id": "1", "object_repr": "Countries object (1)", "action_flag": 1, "change_message": "[{\"added\": {}}]"}}, {"model": "admin.logentry", "pk": 4, "fields": {"action_time": "2022-07-28T17:30:40.433Z", "user": 1, "content_type": 11, "object_id": "2", "object_repr": "Countries object (2)", "action_flag": 1, "change_message": "[{\"added\": {}}]"}}, {"model": "admin.logentry", "pk": 5, "fields": {"action_time": "2022-07-28T17:37:22.116Z", "user": 1, "content_type": 11, "object_id": "1", "object_repr": "Countries object (1)", "action_flag": 2, "change_message": "[]"}}, {"model": "admin.logentry", "pk": 6, "fields": {"action_time": "2022-07-28T17:38:30.104Z", "user": 1, "content_type": 11, "object_id": "3", "object_repr": "Mexico", "action_flag": 1, "change_message": "[{\"added\": {}}]"}}, {"model": "admin.logentry", "pk": 7, "fields": {"action_time": "2022-07-28T17:47:50.522Z", "user": 1, "content_type": 7, "object_id": "1", "object_repr": "Movie object (1)", "action_flag": 1, "change_message": "[{\"added\": {}}]"}}, {"model": "admin.logentry", "pk": 8, "fields": {"action_time": "2022-07-28T17:52:18.047Z", "user": 1, "content_type": 7, "object_id": "1", "object_repr": "«вЄздные войны: —кайуокер. ¬осход.", "action_flag": 2, "change_message": "[{\"changed\": {\"fields\": [\"Date\"]}}]"}}, {"model": "admin.logentry", "pk": 9, "fields": {"action_time": "2022-07-28T18:17:12.289Z", "user": 1, "content_type": 7, "object_id": "1", "object_repr": "«вЄздные войны: —кайуокер. ¬осход.", "action_flag": 2, "change_message": "[{\"changed\": {\"fields\": [\"Year\"]}}]"}}, {"model": "admin.logentry", "pk": 10, "fields": {"action_time": "2022-07-28T18:46:27.744Z", "user": 1, "content_type": 7, "object_id": "1", "object_repr": "«вЄздные войны: —кайуокер. ¬осход.", "action_flag": 2, "change_message": "[{\"changed\": {\"fields\": [\"Slug\"]}}]"}}, {"model": "admin.logentry", "pk": 11, "fields": {"action_time": "2022-07-28T19:02:21.143Z", "user": 1, "content_type": 13, "object_id": "1", "object_repr": "ƒжей ƒжей јбрамс", "action_flag": 1, "change_message": "[{\"added\": {}}]"}}, {"model": "admin.logentry", "pk": 12, "fields": {"action_time": "2022-07-28T19:02:55.879Z", "user": 1, "content_type": 13, "object_id": "2", "object_repr": "ƒжордж Ћукас", "action_flag": 1, "change_message": "[{\"added\": {}}]"}}, {"model": "admin.logentry", "pk": 13, "fields": {"action_time": "2022-07-28T19:03:48.979Z", "user": 1, "content_type": 14, "object_id": "1", "object_repr": "јктер ћарк ’эмилл", "action_flag": 1, "change_message": "[{\"added\": {}}]"}}, {"model": "admin.logentry", "pk": 14, "fields": {"action_time": "2022-07-28T19:05:29.610Z", "user": 1, "content_type": 14, "object_id": "1", "object_repr": "јктер ћарк ’эмилл", "action_flag": 2, "change_message": "[{\"changed\": {\"fields\": [\"Birthday\"]}}]"}}, {"model": "admin.logentry", "pk": 15, "fields": {"action_time": "2022-07-28T19:06:00.450Z", "user": 1, "content_type": 14, "object_id": "2", "object_repr": "јктер ’аррисон ‘орд", "action_flag": 1, "change_message": "[{\"added\": {}}]"}}, {"model": "admin.logentry", "pk": 16, "fields": {"action_time": "2022-07-28T19:06:35.942Z", "user": 1, "content_type": 14, "object_id": "3", "object_repr": "јктриса ƒейзи –идли", "action_flag": 1, "change_message": "[{\"added\": {}}]"}}, {"model": "admin.logentry", "pk": 17, "fields": {"action_time": "2022-07-28T19:06:57.343Z", "user": 1, "content_type": 14, "object_id": "4", "object_repr": "јктер јдам ƒрайвер", "action_flag": 1, "change_message": "[{\"added\": {}}]"}}, {"model": "admin.logentry", "pk": 18, "fields": {"action_time": "2022-07-28T19:07:52.856Z", "user": 1, "content_type": 12, "object_id": "1", "object_repr": "ƒжордж Ћукас", "action_flag": 1, "change_message": "[{\"added\": {}}]"}}, {"model": "admin.logentry", "pk": 19, "fields": {"action_time": "2022-07-28T19:08:10.946Z", "user": 1, "content_type": 12, "object_id": "2", "object_repr": "ƒжей ƒжей јбрамс", "action_flag": 1, "change_message": "[{\"added\": {}}]"}}, {"model": "admin.logentry", "pk": 20, "fields": {"action_time": "2022-07-28T19:08:32.763Z", "user": 1, "content_type": 13, "object_id": "2", "object_repr": "ƒжон ”иль€мс", "action_flag": 2, "change_message": "[{\"changed\": {\"fields\": [\"First name\", \"Last name\", \"Birthday\"]}}]"}}, {"model": "admin.logentry", "pk": 21, "fields": {"action_time": "2022-07-28T19:09:42.148Z", "user": 1, "content_type": 13, "object_id": "3", "object_repr": "’анс ÷иммер", "action_flag": 1, "change_message": "[{\"added\": {}}]"}}, {"model": "admin.logentry", "pk": 22, "fields": {"action_time": "2022-07-28T19:10:04.735Z", "user": 1, "content_type": 7, "object_id": "1", "object_repr": "«вЄздные войны: —кайуокер. ¬осход.", "action_flag": 2, "change_message": "[{\"changed\": {\"fields\": [\"Director\", \"Composer\"]}}]"}}, {"model": "admin.logentry", "pk": 23, "fields": {"action_time": "2022-07-28T19:10:17.856Z", "user": 1, "content_type": 13, "object_id": "1", "object_repr": "ƒжей ƒжей јбрамс", "action_flag": 3, "change_message": ""}}, {"model": "admin.logentry", "pk": 24, "fields": {"action_time": "2022-07-28T19:10:33.731Z", "user": 1, "content_type": 7, "object_id": "1", "object_repr": "«вЄздные войны: —кайуокер. ¬осход.", "action_flag": 2, "change_message": "[{\"changed\": {\"fields\": [\"Actors\"]}}]"}}, {"model": "admin.logentry", "pk": 25, "fields": {"action_time": "2022-07-28T19:10:59.606Z", "user": 1, "content_type": 7, "object_id": "1", "object_repr": "«вЄздные войны: —кайуокер. ¬осход.", "action_flag": 2, "change_message": "[{\"changed\": {\"fields\": [\"Actors\"]}}]"}}, {"model": "admin.logentry", "pk": 26, "fields": {"action_time": "2022-07-28T19:14:04.424Z", "user": 1, "content_type": 7, "object_id": "2", "object_repr": "«вЄздные войны: Ёпизод 4 Ц Ќова€ надежда", "action_flag": 1, "change_message": "[{\"added\": {}}]"}}, {"model": "admin.logentry", "pk": 27, "fields": {"action_time": "2022-07-31T18:31:12.746Z", "user": 1, "content_type": 13, "object_id": "2", "object_repr": "ƒжон ”иль€мс", "action_flag": 2, "change_message": "[{\"changed\": {\"fields\": [\"Slug\"]}}]"}}, {"model": "admin.logentry", "pk": 28, "fields": {"action_time": "2022-07-31T18:31:20.090Z", "user": 1, "content_type": 13, "object_id": "2", "object_repr": "ƒжон ”иль€мс", "action_flag": 2, "change_message": "[{\"changed\": {\"fields\": [\"Slug\"]}}]"}}, {"model": "admin.logentry", "pk": 29, "fields": {"action_time": "2022-07-31T20:32:31.371Z", "user": 1, "content_type": 7, "object_id": "1", "object_repr": "«вЄздные войны: —кайуокер. ¬осход.", "action_flag": 2, "change_message": "[{\"changed\": {\"fields\": [\"Countries\"]}}]"}}, {"model": "admin.logentry", "pk": 30, "fields": {"action_time": "2022-07-31T20:49:17.911Z", "user": 1, "content_type": 12, "object_id": "3", "object_repr": "»рвин  ершнер", "action_flag": 1, "change_message": "[{\"added\": {}}]"}}, {"model": "admin.logentry", "pk": 31, "fields": {"action_time": "2022-07-31T20:52:31.967Z", "user": 1, "content_type": 7, "object_id": "3", "object_repr": "«вЄздные войны: Ёпизод 5 Ч »мпери€ нанос", "action_flag": 1, "change_message": "[{\"added\": {}}]"}}, {"model": "admin.logentry", "pk": 32, "fields": {"action_time": "2022-07-31T20:53:17.479Z", "user": 1, "content_type": 12, "object_id": "4", "object_repr": "–ичард ћаркуэнд", "action_flag": 1, "change_message": "[{\"added\": {}}]"}}, {"model": "admin.logentry", "pk": 33, "fields": {"action_time": "2022-07-31T20:54:58.228Z", "user": 1, "content_type": 7, "object_id": "4", "object_repr": "«вЄздные войны: Ёпизод 6 Ч ¬озвращение ƒ", "action_flag": 1, "change_message": "[{\"added\": {}}]"}}, {"model": "admin.logentry", "pk": 34, "fields": {"action_time": "2022-07-31T20:56:22.015Z", "user": 1, "content_type": 14, "object_id": "5", "object_repr": "јктер Ћиам Ќисон", "action_flag": 1, "change_message": "[{\"added\": {}}]"}}, {"model": "admin.logentry", "pk": 35, "fields": {"action_time": "2022-07-31T20:56:58.779Z", "user": 1, "content_type": 14, "object_id": "6", "object_repr": "јктер ёэн ћакгрегор", "action_flag": 1, "change_message": "[{\"added\": {}}]"}}, {"model": "admin.logentry", "pk": 36, "fields": {"action_time": "2022-07-31T20:57:44.278Z", "user": 1, "content_type": 14, "object_id": "7", "object_repr": "јктриса Ќатали ѕортман", "action_flag": 1, "change_message": "[{\"added\": {}}]"}}, {"model": "admin.logentry", "pk": 37, "fields": {"action_time": "2022-07-31T20:58:06.312Z", "user": 1, "content_type": 11, "object_id": "4", "object_repr": "Israel", "action_flag": 1, "change_message": "[{\"added\": {}}]"}}, {"model": "admin.logentry", "pk": 38, "fields": {"action_time": "2022-07-31T20:58:34.121Z", "user": 1, "content_type": 11, "object_id": "5", "object_repr": "UK", "action_flag": 1, "change_message": "[{\"added\": {}}]"}}, {"model": "admin.logentry", "pk": 39, "fields": {"action_time": "2022-07-31T20:58:58.297Z", "user": 1, "content_type": 14, "object_id": "4", "object_repr": "јктер јдам ƒрайвер", "action_flag": 2, "change_message": "[{\"changed\": {\"fields\": [\"Birthplace\"]}}]"}}, {"model": "admin.logentry", "pk": 40, "fields": {"action_time": "2022-07-31T20:59:23.971Z", "user": 1, "content_type": 14, "object_id": "3", "object_repr": "јктриса ƒейзи –идли", "action_flag": 2, "change_message": "[{\"changed\": {\"fields\": [\"Birthplace\"]}}]"}}, {"model": "admin.logentry", "pk": 41, "fields": {"action_time": "2022-07-31T20:59:29.136Z", "user": 1, "content_type": 14, "object_id": "2", "object_repr": "јктер ’аррисон ‘орд", "action_flag": 2, "change_message": "[{\"changed\": {\"fields\": [\"Birthplace\"]}}]"}}, {"model": "admin.logentry", "pk": 42, "fields": {"action_time": "2022-07-31T21:12:45.324Z", "user": 1, "content_type": 14, "object_id": "7", "object_repr": "јктриса Ќатали ѕортман", "action_flag": 2, "change_message": "[{\"changed\": {\"fields\": [\"Birthplace\"]}}]"}}, {"model": "admin.logentry", "pk": 43, "fields": {"action_time": "2022-07-31T21:13:16.227Z", "user": 1, "content_type": 14, "object_id": "6", "object_repr": "јктер ёэн ћакгрегор", "action_flag": 2, "change_message": "[{\"changed\": {\"fields\": [\"Birthplace\"]}}]"}}, {"model": "admin.logentry", "pk": 44, "fields": {"action_time": "2022-07-31T21:13:38.544Z", "user": 1, "content_type": 14, "object_id": "5", "object_repr": "јктер Ћиам Ќисон", "action_flag": 2, "change_message": "[]"}}, {"model": "admin.logentry", "pk": 45, "fields": {"action_time": "2022-07-31T21:13:49.112Z", "user": 1, "content_type": 14, "object_id": "4", "object_repr": "јктер јдам ƒрайвер", "action_flag": 2, "change_message": "[{\"changed\": {\"fields\": [\"Birthplace\"]}}]"}}, {"model": "admin.logentry", "pk": 46, "fields": {"action_time": "2022-07-31T21:14:14.696Z", "user": 1, "content_type": 14, "object_id": "1", "object_repr": "јктер ћарк ’эмилл", "action_flag": 2, "change_message": "[{\"changed\": {\"fields\": [\"Birthplace\"]}}]"}}, {"model": "admin.logentry", "pk": 47, "fields": {"action_time": "2022-07-31T21:14:18.109Z", "user": 1, "content_type": 14, "object_id": "2", "object_repr": "јктер ’аррисон ‘орд", "action_flag": 2, "change_message": "[]"}}, {"model": "admin.logentry", "pk": 48, "fields": {"action_time": "2022-07-31T21:14:29.627Z", "user": 1, "content_type": 14, "object_id": "3", "object_repr": "јктриса ƒейзи –идли", "action_flag": 2, "change_message": "[{\"changed\": {\"fields\": [\"Birthplace\"]}}]"}}, {"model": "admin.logentry", "pk": 49, "fields": {"action_time": "2022-07-31T21:16:59.737Z", "user": 1, "content_type": 7, "object_id": "5", "object_repr": "«вЄздные войны: Ёпизод 1 Ч —крыта€ угроз", "action_flag": 1, "change_message": "[{\"added\": {}}]"}}, {"model": "admin.logentry", "pk": 50, "fields": {"action_time": "2022-07-31T21:17:35.520Z", "user": 1, "content_type": 7, "object_id": "4", "object_repr": "«вЄздные войны: Ёпизод 6 Ч ¬озвращение", "action_flag": 2, "change_message": "[{\"changed\": {\"fields\": [\"Name\"]}}]"}}, {"model": "admin.logentry", "pk": 51, "fields": {"action_time": "2022-07-31T21:17:42.835Z", "user": 1, "content_type": 7, "object_id": "5", "object_repr": "«вЄздные войны: Ёпизод 1 Ч —крыта€ угроза", "action_flag": 2, "change_message": "[{\"changed\": {\"fields\": [\"Name\"]}}]"}}, {"model": "admin.logentry", "pk": 52, "fields": {"action_time": "2022-07-31T21:17:55.221Z", "user": 1, "content_type": 7, "object_id": "2", "object_repr": "«вЄздные войны: Ёпизод 4 Ц Ќова€ надежда", "action_flag": 2, "change_message": "[{\"changed\": {\"fields\": [\"Slug\"]}}]"}}, {"model": "admin.logentry", "pk": 53, "fields": {"action_time": "2022-07-31T21:18:05.411Z", "user": 1, "content_type": 7, "object_id": "3", "object_repr": "«вЄздные войны: Ёпизод 5 Ч »мпери€ наносит ответный удар", "action_flag": 2, "change_message": "[{\"changed\": {\"fields\": [\"Name\"]}}]"}}, {"model": "admin.logentry", "pk": 54, "fields": {"action_time": "2022-07-31T21:18:22.484Z", "user": 1, "content_type": 7, "object_id": "4", "object_repr": "«вЄздные войны: Ёпизод 6 Ч ¬озвращение джеда€", "action_flag": 2, "change_message": "[{\"changed\": {\"fields\": [\"Name\", \"Slug\"]}}]"}}, {"model": "admin.logentry", "pk": 55, "fields": {"action_time": "2022-07-31T21:19:40.342Z", "user": 1, "content_type": 14, "object_id": "8", "object_repr": "јктер ’ейден  ристенсен", "action_flag": 1, "change_message": "[{\"added\": {}}]"}}, {"model": "admin.logentry", "pk": 56, "fields": {"action_time": "2022-07-31T21:19:47.725Z", "user": 1, "content_type": 11, "object_id": "6", "object_repr": "Canada", "action_flag": 1, "change_message": "[{\"added\": {}}]"}}, {"model": "admin.logentry", "pk": 57, "fields": {"action_time": "2022-07-31T21:19:55.262Z", "user": 1, "content_type": 14, "object_id": "8", "object_repr": "јктер ’ейден  ристенсен", "action_flag": 2, "change_message": "[{\"changed\": {\"fields\": [\"Birthplace\"]}}]"}}, {"model": "admin.logentry", "pk": 58, "fields": {"action_time": "2022-07-31T21:21:25.857Z", "user": 1, "content_type": 7, "object_id": "6", "object_repr": "«вЄздные войны: Ёпизод 2 Ч јтака клонов", "action_flag": 1, "change_message": "[{\"added\": {}}]"}}, {"model": "admin.logentry", "pk": 59, "fields": {"action_time": "2022-07-31T21:22:48.373Z", "user": 1, "content_type": 7, "object_id": "7", "object_repr": "«вЄздные войны: Ёпизод 3 Ч ћесть ситхов", "action_flag": 1, "change_message": "[{\"added\": {}}]"}}, {"model": "admin.logentry", "pk": 60, "fields": {"action_time": "2022-07-31T21:24:40.486Z", "user": 1, "content_type": 7, "object_id": "8", "object_repr": "«вЄздные войны: ѕробуждение силы", "action_flag": 1, "change_message": "[{\"added\": {}}]"}}, {"model": "admin.logentry", "pk": 61, "fields": {"action_time": "2022-07-31T21:26:31.820Z", "user": 1, "content_type": 7, "object_id": "9", "object_repr": "«вЄздные войны: ѕоследние джедаи", "action_flag": 1, "change_message": "[{\"added\": {}}]"}}, {"model": "admin.logentry", "pk": 62, "fields": {"action_time": "2022-08-01T16:28:33.745Z", "user": 1, "content_type": 7, "object_id": "5", "object_repr": "«вЄздные войны: Ёпизод 1 Ч —крыта€ угроза", "action_flag": 2, "change_message": "[{\"changed\": {\"fields\": [\"Time of action\"]}}]"}}, {"model": "admin.logentry", "pk": 63, "fields": {"action_time": "2022-08-01T16:31:51.750Z", "user": 1, "content_type": 7, "object_id": "5", "object_repr": "«вЄздные войны: Ёпизод 1 Ч —крыта€ угроза", "action_flag": 2, "change_message": "[{\"changed\": {\"fields\": [\"Time of action\"]}}]"}}, {"model": "admin.logentry", "pk": 64, "fields": {"action_time": "2022-08-01T16:33:11.705Z", "user": 1, "content_type": 7, "object_id": "5", "object_repr": "«вЄздные войны: Ёпизод 1 Ч —крыта€ угроза", "action_flag": 2, "change_message": "[{\"changed\": {\"fields\": [\"Time of action\"]}}]"}}, {"model": "admin.logentry", "pk": 65, "fields": {"action_time": "2022-08-01T16:33:27.633Z", "user": 1, "content_type": 7, "object_id": "5", "object_repr": "«вЄздные войны: Ёпизод 1 Ч —крыта€ угроза", "action_flag": 2, "change_message": "[{\"changed\": {\"fields\": [\"Time of action\"]}}]"}}, {"model": "admin.logentry", "pk": 66, "fields": {"action_time": "2022-08-01T16:42:02.034Z", "user": 1, "content_type": 7, "object_id": "5", "object_repr": "«вЄздные войны: Ёпизод 1 Ч —крыта€ угроза", "action_flag": 2, "change_message": "[{\"changed\": {\"fields\": [\"Time of action\"]}}]"}}, {"model": "admin.logentry", "pk": 67, "fields": {"action_time": "2022-08-01T16:42:57.670Z", "user": 1, "content_type": 7, "object_id": "1", "object_repr": "«вЄздные войны: —кайуокер. ¬осход.", "action_flag": 2, "change_message": "[{\"changed\": {\"fields\": [\"Time of action\"]}}]"}}, {"model": "admin.logentry", "pk": 68, "fields": {"action_time": "2022-08-01T16:43:17.185Z", "user": 1, "content_type": 7, "object_id": "5", "object_repr": "«вЄздные войны: Ёпизод 1 Ч —крыта€ угроза", "action_flag": 2, "change_message": "[{\"changed\": {\"fields\": [\"Timing\"]}}]"}}, {"model": "admin.logentry", "pk": 69, "fields": {"action_time": "2022-08-01T16:43:28.643Z", "user": 1, "content_type": 7, "object_id": "5", "object_repr": "«вЄздные войны: Ёпизод 1 Ч —крыта€ угроза", "action_flag": 2, "change_message": "[{\"changed\": {\"fields\": [\"Timing\"]}}]"}}, {"model": "admin.logentry", "pk": 70, "fields": {"action_time": "2022-08-01T16:43:33.844Z", "user": 1, "content_type": 7, "object_id": "5", "object_repr": "«вЄздные войны: Ёпизод 1 Ч —крыта€ угроза", "action_flag": 2, "change_message": "[{\"changed\": {\"fields\": [\"Time of action\"]}}]"}}, {"model": "admin.logentry", "pk": 71, "fields": {"action_time": "2022-08-01T16:53:26.736Z", "user": 1, "content_type": 7, "object_id": "5", "object_repr": "«вЄздные войны: Ёпизод 1 Ч —крыта€ угроза", "action_flag": 2, "change_message": "[{\"changed\": {\"fields\": [\"Timing\"]}}]"}}, {"model": "admin.logentry", "pk": 72, "fields": {"action_time": "2022-08-01T16:53:31.795Z", "user": 1, "content_type": 7, "object_id": "5", "object_repr": "«вЄздные войны: Ёпизод 1 Ч —крыта€ угроза", "action_flag": 2, "change_message": "[{\"changed\": {\"fields\": [\"Timing\"]}}]"}}, {"model": "admin.logentry", "pk": 73, "fields": {"action_time": "2022-08-01T16:53:38.240Z", "user": 1, "content_type": 7, "object_id": "6", "object_repr": "«вЄздные войны: Ёпизод 2 Ч јтака клонов", "action_flag": 2, "change_message": "[{\"changed\": {\"fields\": [\"Action time\"]}}]"}}, {"model": "admin.logentry", "pk": 74, "fields": {"action_time": "2022-08-01T16:54:57.601Z", "user": 1, "content_type": 7, "object_id": "6", "object_repr": "«вЄздные войны: Ёпизод 2 Ч јтака клонов", "action_flag": 2, "change_message": "[{\"changed\": {\"fields\": [\"Yearseeess\"]}}]"}}, {"model": "admin.logentry", "pk": 75, "fields": {"action_time": "2022-08-01T16:55:03.357Z", "user": 1, "content_type": 7, "object_id": "5", "object_repr": "«вЄздные войны: Ёпизод 1 Ч —крыта€ угроза", "action_flag": 2, "change_message": "[{\"changed\": {\"fields\": [\"Action\"]}}]"}}, {"model": "admin.logentry", "pk": 76, "fields": {"action_time": "2022-08-01T16:55:16.431Z", "user": 1, "content_type": 7, "object_id": "5", "object_repr": "«вЄздные войны: Ёпизод 1 Ч —крыта€ угроза", "action_flag": 2, "change_message": "[{\"changed\": {\"fields\": [\"Action\"]}}]"}}, {"model": "admin.logentry", "pk": 77, "fields": {"action_time": "2022-08-01T16:55:22.470Z", "user": 1, "content_type": 7, "object_id": "5", "object_repr": "«вЄздные войны: Ёпизод 1 Ч —крыта€ угроза", "action_flag": 2, "change_message": "[{\"changed\": {\"fields\": [\"Action\"]}}]"}}, {"model": "admin.logentry", "pk": 78, "fields": {"action_time": "2022-08-01T16:55:41.979Z", "user": 1, "content_type": 7, "object_id": "5", "object_repr": "«вЄздные войны: Ёпизод 1 Ч —крыта€ угроза", "action_flag": 2, "change_message": "[{\"changed\": {\"fields\": [\"Action\"]}}]"}}, {"model": "admin.logentry", "pk": 79, "fields": {"action_time": "2022-08-01T16:56:06.778Z", "user": 1, "content_type": 7, "object_id": "5", "object_repr": "«вЄздные войны: Ёпизод 1 Ч —крыта€ угроза", "action_flag": 2, "change_message": "[{\"changed\": {\"fields\": [\"Action\"]}}]"}}, {"model": "admin.logentry", "pk": 80, "fields": {"action_time": "2022-08-01T16:56:12.506Z", "user": 1, "content_type": 7, "object_id": "6", "object_repr": "«вЄздные войны: Ёпизод 2 Ч јтака клонов", "action_flag": 2, "change_message": "[{\"changed\": {\"fields\": [\"Action\"]}}]"}}, {"model": "admin.logentry", "pk": 81, "fields": {"action_time": "2022-08-01T16:56:21.602Z", "user": 1, "content_type": 7, "object_id": "7", "object_repr": "«вЄздные войны: Ёпизод 3 Ч ћесть ситхов", "action_flag": 2, "change_message": "[{\"changed\": {\"fields\": [\"Action\"]}}]"}}, {"model": "admin.logentry", "pk": 82, "fields": {"action_time": "2022-08-01T16:57:34.340Z", "user": 1, "content_type": 7, "object_id": "2", "object_repr": "«вЄздные войны: Ёпизод 4 Ц Ќова€ надежда", "action_flag": 2, "change_message": "[{\"changed\": {\"fields\": [\"Action\"]}}]"}}, {"model": "admin.logentry", "pk": 83, "fields": {"action_time": "2022-08-01T16:57:47.023Z", "user": 1, "content_type": 7, "object_id": "3", "object_repr": "«вЄздные войны: Ёпизод 5 Ч »мпери€ наносит ответный удар", "action_flag": 2, "change_message": "[{\"changed\": {\"fields\": [\"Action\"]}}]"}}, {"model": "admin.logentry", "pk": 84, "fields": {"action_time": "2022-08-01T16:57:52.277Z", "user": 1, "content_type": 7, "object_id": "4", "object_repr": "«вЄздные войны: Ёпизод 6 Ч ¬озвращение джеда€", "action_flag": 2, "change_message": "[{\"changed\": {\"fields\": [\"Action\"]}}]"}}, {"model": "admin.logentry", "pk": 85, "fields": {"action_time": "2022-08-01T16:58:41.104Z", "user": 1, "content_type": 7, "object_id": "8", "object_repr": "«вЄздные войны: ѕробуждение силы", "action_flag": 2, "change_message": "[{\"changed\": {\"fields\": [\"Action\"]}}]"}}, {"model": "admin.logentry", "pk": 86, "fields": {"action_time": "2022-08-01T16:58:47.698Z", "user": 1, "content_type": 7, "object_id": "9", "object_repr": "«вЄздные войны: ѕоследние джедаи", "action_flag": 2, "change_message": "[{\"changed\": {\"fields\": [\"Action\"]}}]"}}, {"model": "admin.logentry", "pk": 87, "fields": {"action_time": "2022-08-01T16:58:51.697Z", "user": 1, "content_type": 7, "object_id": "1", "object_repr": "«вЄздные войны: —кайуокер. ¬осход.", "action_flag": 2, "change_message": "[{\"changed\": {\"fields\": [\"Action\"]}}]"}}, {"model": "admin.logentry", "pk": 88, "fields": {"action_time": "2022-08-01T17:11:31.619Z", "user": 1, "content_type": 7, "object_id": "5", "object_repr": "«вЄздные войны: Ёпизод 1 Ч —крыта€ угроза", "action_flag": 2, "change_message": "[{\"changed\": {\"fields\": [\"Action\"]}}]"}}, {"model": "admin.logentry", "pk": 89, "fields": {"action_time": "2022-08-01T17:11:35.829Z", "user": 1, "content_type": 7, "object_id": "6", "object_repr": "«вЄздные войны: Ёпизод 2 Ч јтака клонов", "action_flag": 2, "change_message": "[{\"changed\": {\"fields\": [\"Action\"]}}]"}}, {"model": "admin.logentry", "pk": 90, "fields": {"action_time": "2022-08-01T17:11:39.036Z", "user": 1, "content_type": 7, "object_id": "7", "object_repr": "«вЄздные войны: Ёпизод 3 Ч ћесть ситхов", "action_flag": 2, "change_message": "[{\"changed\": {\"fields\": [\"Action\"]}}]"}}, {"model": "admin.logentry", "pk": 91, "fields": {"action_time": "2022-08-01T21:13:31.082Z", "user": 1, "content_type": 7, "object_id": "5", "object_repr": "«вЄздные войны: Ёпизод 1 Ч —крыта€ угроза", "action_flag": 2, "change_message": "[{\"changed\": {\"fields\": [\"Movie poster\"]}}]"}}, {"model": "admin.logentry", "pk": 92, "fields": {"action_time": "2022-08-01T21:29:17.361Z", "user": 1, "content_type": 7, "object_id": "5", "object_repr": "«вЄздные войны: Ёпизод 1 Ч —крыта€ угроза", "action_flag": 2, "change_message": "[]"}}, {"model": "admin.logentry", "pk": 93, "fields": {"action_time": "2022-08-01T21:47:46.830Z", "user": 1, "content_type": 7, "object_id": "6", "object_repr": "«вЄздные войны: Ёпизод 2 Ч јтака клонов", "action_flag": 2, "change_message": "[{\"changed\": {\"fields\": [\"Movie poster\"]}}]"}}, {"model": "admin.logentry", "pk": 94, "fields": {"action_time": "2022-08-01T21:48:00.444Z", "user": 1, "content_type": 7, "object_id": "7", "object_repr": "«вЄздные войны: Ёпизод 3 Ч ћесть ситхов", "action_flag": 2, "change_message": "[{\"changed\": {\"fields\": [\"Movie poster\"]}}]"}}, {"model": "admin.logentry", "pk": 95, "fields": {"action_time": "2022-08-01T21:48:07.208Z", "user": 1, "content_type": 7, "object_id": "2", "object_repr": "«вЄздные войны: Ёпизод 4 Ц Ќова€ надежда", "action_flag": 2, "change_message": "[{\"changed\": {\"fields\": [\"Movie poster\"]}}]"}}, {"model": "admin.logentry", "pk": 96, "fields": {"action_time": "2022-08-01T21:48:15.932Z", "user": 1, "content_type": 7, "object_id": "3", "object_repr": "«вЄздные войны: Ёпизод 5 Ч »мпери€ наносит ответный удар", "action_flag": 2, "change_message": "[{\"changed\": {\"fields\": [\"Movie poster\"]}}]"}}, {"model": "admin.logentry", "pk": 97, "fields": {"action_time": "2022-08-01T21:48:22.136Z", "user": 1, "content_type": 7, "object_id": "4", "object_repr": "«вЄздные войны: Ёпизод 6 Ч ¬озвращение джеда€", "action_flag": 2, "change_message": "[{\"changed\": {\"fields\": [\"Movie poster\"]}}]"}}, {"model": "admin.logentry", "pk": 98, "fields": {"action_time": "2022-08-01T21:48:27.188Z", "user": 1, "content_type": 7, "object_id": "8", "object_repr": "«вЄздные войны: ѕробуждение силы", "action_flag": 2, "change_message": "[{\"changed\": {\"fields\": [\"Movie poster\"]}}]"}}, {"model": "admin.logentry", "pk": 99, "fields": {"action_time": "2022-08-01T21:48:33.232Z", "user": 1, "content_type": 7, "object_id": "9", "object_repr": "«вЄздные войны: ѕоследние джедаи", "action_flag": 2, "change_message": "[{\"changed\": {\"fields\": [\"Movie poster\"]}}]"}}, {"model": "admin.logentry", "pk": 100, "fields": {"action_time": "2022-08-01T21:48:39.105Z", "user": 1, "content_type": 7, "object_id": "1", "object_repr": "«вЄздные войны: —кайуокер. ¬осход.", "action_flag": 2, "change_message": "[{\"changed\": {\"fields\": [\"Movie poster\"]}}]"}}, {"model": "admin.logentry", "pk": 101, "fields": {"action_time": "2022-08-02T08:48:30.261Z", "user": 1, "content_type": 7, "object_id": "10", "object_repr": "wer", "action_flag": 1, "change_message": "[{\"added\": {}}]"}}, {"model": "admin.logentry", "pk": 102, "fields": {"action_time": "2022-08-02T08:48:56.061Z", "user": 1, "content_type": 7, "object_id": "10", "object_repr": "wer", "action_flag": 3, "change_message": ""}}, {"model": "admin.logentry", "pk": 103, "fields": {"action_time": "2022-08-02T14:10:02.710Z", "user": 1, "content_type": 17, "object_id": "1", "object_repr": "Comment by baradys on «вЄздные войны: Ёпизод 1 Ч —крыта€ угроза", "action_flag": 1, "change_message": "[{\"added\": {}}]"}}, {"model": "admin.logentry", "pk": 104, "fields": {"action_time": "2022-08-02T14:10:14.011Z", "user": 1, "content_type": 17, "object_id": "1", "object_repr": "Comment by baradys on «вЄздные войны: Ёпизод 1 Ч —крыта€ угроза", "action_flag": 2, "change_message": "[{\"changed\": {\"fields\": [\"Body\"]}}]"}}, {"model": "admin.logentry", "pk": 105, "fields": {"action_time": "2022-08-02T14:19:53.561Z", "user": 1, "content_type": 18, "object_id": "1", "object_repr": "Comment by admin on Feedback by baradys on «вЄздные войны: Ёпизод 1 Ч —крыта€ угроза", "action_flag": 1, "change_message": "[{\"added\": {}}]"}}, {"model": "admin.logentry", "pk": 106, "fields": {"action_time": "2022-08-02T14:24:15.698Z", "user": 1, "content_type": 18, "object_id": "1", "object_repr": "Comment by admin on «вЄздные войны: —кайуокер. ¬осход.", "action_flag": 3, "change_message": ""}}, {"model": "admin.logentry", "pk": 107, "fields": {"action_time": "2022-08-02T14:24:45.424Z", "user": 1, "content_type": 17, "object_id": "1", "object_repr": "Feedback by baradys on «вЄздные войны: Ёпизод 1 Ч —крыта€ угроза", "action_flag": 3, "change_message": ""}}, {"model": "admin.logentry", "pk": 108, "fields": {"action_time": "2022-08-02T14:45:11.481Z", "user": 1, "content_type": 14, "object_id": "1", "object_repr": "јктер Ћиам Ќиссон", "action_flag": 1, "change_message": "[{\"added\": {}}]"}}, {"model": "admin.logentry", "pk": 109, "fields": {"action_time": "2022-08-02T14:45:22.086Z", "user": 1, "content_type": 11, "object_id": "1", "object_repr": "USA", "action_flag": 1, "change_message": "[{\"added\": {}}]"}}, {"model": "admin.logentry", "pk": 110, "fields": {"action_time": "2022-08-02T14:45:25.301Z", "user": 1, "content_type": 11, "object_id": "2", "object_repr": "UK", "action_flag": 1, "change_message": "[{\"added\": {}}]"}}, {"model": "admin.logentry", "pk": 111, "fields": {"action_time": "2022-08-02T14:45:29.928Z", "user": 1, "content_type": 11, "object_id": "3", "object_repr": "Iran", "action_flag": 1, "change_message": "[{\"added\": {}}]"}}, {"model": "admin.logentry", "pk": 112, "fields": {"action_time": "2022-08-02T14:45:34.828Z", "user": 1, "content_type": 11, "object_id": "4", "object_repr": "Canada", "action_flag": 1, "change_message": "[{\"added\": {}}]"}}, {"model": "admin.logentry", "pk": 113, "fields": {"action_time": "2022-08-02T14:45:42.878Z", "user": 1, "content_type": 11, "object_id": "5", "object_repr": "Russia", "action_flag": 1, "change_message": "[{\"added\": {}}]"}}, {"model": "admin.logentry", "pk": 114, "fields": {"action_time": "2022-08-02T14:46:33.631Z", "user": 1, "content_type": 14, "object_id": "1", "object_repr": "јктер Ћиам Ќиссон", "action_flag": 2, "change_message": "[{\"changed\": {\"fields\": [\"Birthplace\"]}}]"}}, {"model": "admin.logentry", "pk": 115, "fields": {"action_time": "2022-08-02T14:47:02.649Z", "user": 1, "content_type": 14, "object_id": "2", "object_repr": "јктер ёэн ћакгрегор", "action_flag": 1, "change_message": "[{\"added\": {}}]"}}, {"model": "admin.logentry", "pk": 116, "fields": {"action_time": "2022-08-02T14:47:35.329Z", "user": 1, "content_type": 14, "object_id": "3", "object_repr": "јктриса Ќатали ѕортман", "action_flag": 1, "change_message": "[{\"added\": {}}]"}}, {"model": "admin.logentry", "pk": 117, "fields": {"action_time": "2022-08-02T14:47:43.925Z", "user": 1, "content_type": 11, "object_id": "6", "object_repr": "Israel", "action_flag": 1, "change_message": "[{\"added\": {}}]"}}, {"model": "admin.logentry", "pk": 118, "fields": {"action_time": "2022-08-02T14:48:28.953Z", "user": 1, "content_type": 14, "object_id": "3", "object_repr": "јктриса Ќатали ѕортман", "action_flag": 2, "change_message": "[{\"changed\": {\"fields\": [\"Birthplace\"]}}]"}}, {"model": "admin.logentry", "pk": 119, "fields": {"action_time": "2022-08-02T14:49:17.723Z", "user": 1, "content_type": 14, "object_id": "4", "object_repr": "јктриса ƒэйзи –идли", "action_flag": 1, "change_message": "[{\"added\": {}}]"}}, {"model": "admin.logentry", "pk": 120, "fields": {"action_time": "2022-08-02T14:49:44.870Z", "user": 1, "content_type": 14, "object_id": "5", "object_repr": "јктер јдам ƒрайвер", "action_flag": 1, "change_message": "[{\"added\": {}}]"}}, {"model": "admin.logentry", "pk": 121, "fields": {"action_time": "2022-08-02T14:50:28.728Z", "user": 1, "content_type": 14, "object_id": "6", "object_repr": "јктриса  ерри ‘ишер", "action_flag": 1, "change_message": "[{\"added\": {}}]"}}, {"model": "admin.logentry", "pk": 122, "fields": {"action_time": "2022-08-02T14:50:52.796Z", "user": 1, "content_type": 14, "object_id": "7", "object_repr": "јктер ћарк ’эмилл", "action_flag": 1, "change_message": "[{\"added\": {}}]"}}, {"model": "admin.logentry", "pk": 123, "fields": {"action_time": "2022-08-02T14:51:22.157Z", "user": 1, "content_type": 14, "object_id": "8", "object_repr": "јктер ’аррисон ‘орд", "action_flag": 1, "change_message": "[{\"added\": {}}]"}}, {"model": "admin.logentry", "pk": 124, "fields": {"action_time": "2022-08-02T14:52:17.590Z", "user": 1, "content_type": 12, "object_id": "1", "object_repr": "ƒжей ƒжей јбрамс", "action_flag": 1, "change_message": "[{\"added\": {}}]"}}, {"model": "admin.logentry", "pk": 125, "fields": {"action_time": "2022-08-02T14:52:44.464Z", "user": 1, "content_type": 12, "object_id": "2", "object_repr": "ƒжордж Ћукас", "action_flag": 1, "change_message": "[{\"added\": {}}]"}}, {"model": "admin.logentry", "pk": 126, "fields": {"action_time": "2022-08-02T14:53:28.859Z", "user": 1, "content_type": 12, "object_id": "3", "object_repr": "»рвин  ершнер", "action_flag": 1, "change_message": "[{\"added\": {}}]"}}, {"model": "admin.logentry", "pk": 127, "fields": {"action_time": "2022-08-02T14:54:06.308Z", "user": 1, "content_type": 12, "object_id": "4", "object_repr": "–ичард ћаркуэнд", "action_flag": 1, "change_message": "[{\"added\": {}}]"}}, {"model": "admin.logentry", "pk": 128, "fields": {"action_time": "2022-08-02T14:54:43.534Z", "user": 1, "content_type": 13, "object_id": "1", "object_repr": "ƒжон ”иль€мс", "action_flag": 1, "change_message": "[{\"added\": {}}]"}}, {"model": "admin.logentry", "pk": 129, "fields": {"action_time": "2022-08-02T14:55:02.728Z", "user": 1, "content_type": 13, "object_id": "2", "object_repr": "’анс ÷иммер", "action_flag": 1, "change_message": "[{\"added\": {}}]"}}, {"model": "admin.logentry", "pk": 130, "fields": {"action_time": "2022-08-02T14:55:48.498Z", "user": 1, "content_type": 14, "object_id": "9", "object_repr": "јктер ’ейден  ристенсен", "action_flag": 1, "change_message": "[{\"added\": {}}]"}}, {"model": "admin.logentry", "pk": 131, "fields": {"action_time": "2022-08-02T14:58:47.103Z", "user": 1, "content_type": 7, "object_id": "1", "object_repr": "«вЄздные войны: Ёпизод 1 Ч —крыта€ угроза", "action_flag": 1, "change_message": "[{\"added\": {}}]"}}, {"model": "admin.logentry", "pk": 132, "fields": {"action_time": "2022-08-02T15:00:50.965Z", "user": 1, "content_type": 7, "object_id": "2", "object_repr": "«вЄздные войны: Ёпизод 2 Ч јтака клонов", "action_flag": 1, "change_message": "[{\"added\": {}}]"}}, {"model": "admin.logentry", "pk": 133, "fields": {"action_time": "2022-08-02T15:02:23.376Z", "user": 1, "content_type": 7, "object_id": "3", "object_repr": "«вЄздные войны: Ёпизод 3 Ч ћесть ситхов", "action_flag": 1, "change_message": "[{\"added\": {}}]"}}, {"model": "admin.logentry", "pk": 134, "fields": {"action_time": "2022-08-02T15:02:29.137Z", "user": 1, "content_type": 7, "object_id": "2", "object_repr": "«вЄздные войны: Ёпизод 2 Ч јтака клонов", "action_flag": 2, "change_message": "[{\"changed\": {\"fields\": [\"Movie poster\"]}}]"}}, {"model": "admin.logentry", "pk": 135, "fields": {"action_time": "2022-08-02T15:04:17.760Z", "user": 1, "content_type": 7, "object_id": "4", "object_repr": "«вЄздные войны: Ёпизод 4 Ч Ќова€ надежда", "action_flag": 1, "change_message": "[{\"added\": {}}]"}}, {"model": "admin.logentry", "pk": 136, "fields": {"action_time": "2022-08-02T15:06:31.429Z", "user": 1, "content_type": 7, "object_id": "5", "object_repr": "«вЄздные войны: Ёпизод 5 Ч »мпери€ наносит ответный удар", "action_flag": 1, "change_message": "[{\"added\": {}}]"}}, {"model": "admin.logentry", "pk": 137, "fields": {"action_time": "2022-08-02T15:07:49.997Z", "user": 1, "content_type": 7, "object_id": "6", "object_repr": "вЄздные войны: Ёпизод 6 Ч ¬озвращение ƒжеда€", "action_flag": 1, "change_message": "[{\"added\": {}}]"}}, {"model": "admin.logentry", "pk": 138, "fields": {"action_time": "2022-08-02T15:09:47.952Z", "user": 1, "content_type": 7, "object_id": "7", "object_repr": "«вЄздные войны: ѕробуждение силы", "action_flag": 1, "change_message": "[{\"added\": {}}]"}}, {"model": "admin.logentry", "pk": 139, "fields": {"action_time": "2022-08-02T15:11:20.855Z", "user": 1, "content_type": 7, "object_id": "8", "object_repr": "«вЄздные войны: ѕоследние джедаи", "action_flag": 1, "change_message": "[{\"added\": {}}]"}}, {"model": "admin.logentry", "pk": 140, "fields": {"action_time": "2022-08-02T15:12:58.209Z", "user": 1, "content_type": 7, "object_id": "9", "object_repr": "«вЄздные войны: —кайуокер. ¬осход", "action_flag": 1, "change_message": "[{\"added\": {}}]"}}, {"model": "admin.logentry", "pk": 141, "fields": {"action_time": "2022-08-02T15:21:18.760Z", "user": 1, "content_type": 7, "object_id": "1", "object_repr": "«вЄздные войны: Ёпизод 1 Ч —крыта€ угроза", "action_flag": 2, "change_message": "[{\"changed\": {\"fields\": [\"Movie poster\"]}}]"}}, {"model": "admin.logentry", "pk": 142, "fields": {"action_time": "2022-08-02T15:21:25.363Z", "user": 1, "content_type": 7, "object_id": "2", "object_repr": "«вЄздные войны: Ёпизод 2 Ч јтака клонов", "action_flag": 2, "change_message": "[{\"changed\": {\"fields\": [\"Slug\", \"Movie poster\"]}}]"}}, {"model": "admin.logentry", "pk": 143, "fields": {"action_time": "2022-08-02T15:21:31.891Z", "user": 1, "content_type": 7, "object_id": "3", "object_repr": "«вЄздные войны: Ёпизод 3 Ч ћесть ситхов", "action_flag": 2, "change_message": "[{\"changed\": {\"fields\": [\"Slug\", \"Movie poster\"]}}]"}}, {"model": "admin.logentry", "pk": 144, "fields": {"action_time": "2022-08-02T15:21:38.055Z", "user": 1, "content_type": 7, "object_id": "4", "object_repr": "«вЄздные войны: Ёпизод 4 Ч Ќова€ надежда", "action_flag": 2, "change_message": "[{\"changed\": {\"fields\": [\"Slug\", \"Movie poster\"]}}]"}}, {"model": "admin.logentry", "pk": 145, "fields": {"action_time": "2022-08-02T15:21:43.063Z", "user": 1, "content_type": 7, "object_id": "5", "object_repr": "«вЄздные войны: Ёпизод 5 Ч »мпери€ наносит ответный удар", "action_flag": 2, "change_message": "[{\"changed\": {\"fields\": [\"Movie poster\"]}}]"}}, {"model": "admin.logentry", "pk": 146, "fields": {"action_time": "2022-08-02T15:21:47.975Z", "user": 1, "content_type": 7, "object_id": "6", "object_repr": "вЄздные войны: Ёпизод 6 Ч ¬озвращение ƒжеда€", "action_flag": 2, "change_message": "[{\"changed\": {\"fields\": [\"Movie poster\"]}}]"}}, {"model": "admin.logentry", "pk": 147, "fields": {"action_time": "2022-08-02T15:21:52.618Z", "user": 1, "content_type": 7, "object_id": "7", "object_repr": "«вЄздные войны: ѕробуждение силы", "action_flag": 2, "change_message": "[{\"changed\": {\"fields\": [\"Movie poster\"]}}]"}}, {"model": "admin.logentry", "pk": 148, "fields": {"action_time": "2022-08-02T15:21:56.817Z", "user": 1, "content_type": 7, "object_id": "8", "object_repr": "«вЄздные войны: ѕоследние джедаи", "action_flag": 2, "change_message": "[{\"changed\": {\"fields\": [\"Movie poster\"]}}]"}}, {"model": "admin.logentry", "pk": 149, "fields": {"action_time": "2022-08-02T15:22:01.000Z", "user": 1, "content_type": 7, "object_id": "9", "object_repr": "«вЄздные войны: —кайуокер. ¬осход", "action_flag": 2, "change_message": "[{\"changed\": {\"fields\": [\"Movie poster\"]}}]"}}, {"model": "admin.logentry", "pk": 150, "fields": {"action_time": "2022-08-02T15:24:08.440Z", "user": 1, "content_type": 17, "object_id": "1", "object_repr": "Feedback by baradys on «вЄздные войны: Ёпизод 1 Ч —крыта€ угроза", "action_flag": 1, "change_message": "[{\"added\": {}}]"}}, {"model": "admin.logentry", "pk": 151, "fields": {"action_time": "2022-08-02T15:24:39.396Z", "user": 1, "content_type": 18, "object_id": "1", "object_repr": "Comment by admin on Feedback by baradys on «вЄздные войны: Ёпизод 1 Ч —крыта€ угроза", "action_flag": 1, "change_message": "[{\"added\": {}}]"}}, {"model": "admin.logentry", "pk": 152, "fields": {"action_time": "2022-08-02T15:24:59.406Z", "user": 1, "content_type": 17, "object_id": "1", "object_repr": "Feedback by baradys on «вЄздные войны: Ёпизод 1 Ч —крыта€ угроза", "action_flag": 3, "change_message": ""}}, {"model": "admin.logentry", "pk": 153, "fields": {"action_time": "2022-08-02T16:08:09.969Z", "user": 1, "content_type": 17, "object_id": "2", "object_repr": "Feedback by baradys on «вЄздные войны: Ёпизод 1 Ч —крыта€ угроза: 1st feedback", "action_flag": 1, "change_message": "[{\"added\": {}}]"}}, {"model": "admin.logentry", "pk": 154, "fields": {"action_time": "2022-08-02T16:08:24.420Z", "user": 1, "content_type": 17, "object_id": "3", "object_repr": "Feedback by admin on «вЄздные войны: Ёпизод 1 Ч —крыта€ угроза: 2d feedback", "action_flag": 1, "change_message": "[{\"added\": {}}]"}}, {"model": "admin.logentry", "pk": 155, "fields": {"action_time": "2022-08-02T16:09:29.877Z", "user": 1, "content_type": 17, "object_id": "2", "object_repr": "ќтзыв пользовател€ baradys на фильм «вЄздные войны: Ёпизод 1 Ч —крыта€ угроза: 1st feedasdfadsfasdfasdfsadfasdfsadfsafsafsdafasdfsdf", "action_flag": 2, "change_message": "[{\"changed\": {\"fields\": [\"Name\"]}}]"}}, {"model": "admin.logentry", "pk": 156, "fields": {"action_time": "2022-08-02T16:09:53.530Z", "user": 1, "content_type": 18, "object_id": "2", "object_repr": "Comment by baradys on ќтзыв пользовател€ baradys на фильм «вЄздные войны: Ёпизод 1 Ч —крыта€ угроза: 1st feedasdfadsfasdfasdfsadfasdfsadfsafsafsdafasdfsdf: 1st comment", "action_flag": 1, "change_message": "[{\"added\": {}}]"}}, {"model": "admin.logentry", "pk": 157, "fields": {"action_time": "2022-08-05T14:44:28.668Z", "user": 1, "content_type": 7, "object_id": "6", "object_repr": "«вЄздные войны: Ёпизод 6 Ч ¬озвращение ƒжеда€", "action_flag": 2, "change_message": "[{\"changed\": {\"fields\": [\"Name\"]}}]"}}, {"model": "admin.logentry", "pk": 158, "fields": {"action_time": "2022-08-05T16:06:10.911Z", "user": 1, "content_type": 17, "object_id": "2", "object_repr": "ќтзыв пользовател€ baradys на фильм «вЄздные войны: Ёпизод 1 Ч —крыта€ угроза: 1st feedasdfadsfasdfasdfsadfasdfsadfsafsafsdafasdfsdf", "action_flag": 3, "change_message": ""}}, {"model": "admin.logentry", "pk": 159, "fields": {"action_time": "2022-08-08T11:22:32.484Z", "user": 1, "content_type": 7, "object_id": "2", "object_repr": "«вЄздные войны: Ёпизод 2 Ч јтака клонов", "action_flag": 2, "change_message": "[{\"changed\": {\"fields\": [\"Video ling\"]}}]"}}, {"model": "admin.logentry", "pk": 160, "fields": {"action_time": "2022-08-08T11:22:46.463Z", "user": 1, "content_type": 7, "object_id": "1", "object_repr": "«вЄздные войны: Ёпизод 1 Ч —крыта€ угроза", "action_flag": 2, "change_message": "[{\"changed\": {\"fields\": [\"Video ling\"]}}]"}}, {"model": "admin.logentry", "pk": 161, "fields": {"action_time": "2022-08-08T11:23:41.767Z", "user": 1, "content_type": 7, "object_id": "3", "object_repr": "«вЄздные войны: Ёпизод 3 Ч ћесть ситхов", "action_flag": 2, "change_message": "[{\"changed\": {\"fields\": [\"Video ling\"]}}]"}}, {"model": "admin.logentry", "pk": 162, "fields": {"action_time": "2022-08-08T11:23:58.071Z", "user": 1, "content_type": 7, "object_id": "4", "object_repr": "«вЄздные войны: Ёпизод 4 Ч Ќова€ надежда", "action_flag": 2, "change_message": "[{\"changed\": {\"fields\": [\"Video ling\"]}}]"}}, {"model": "admin.logentry", "pk": 163, "fields": {"action_time": "2022-08-08T11:24:15.155Z", "user": 1, "content_type": 7, "object_id": "5", "object_repr": "«вЄздные войны: Ёпизод 5 Ч »мпери€ наносит ответный удар", "action_flag": 2, "change_message": "[{\"changed\": {\"fields\": [\"Video ling\"]}}]"}}, {"model": "admin.logentry", "pk": 164, "fields": {"action_time": "2022-08-08T11:24:38.639Z", "user": 1, "content_type": 7, "object_id": "6", "object_repr": "«вЄздные войны: Ёпизод 6 Ч ¬озвращение ƒжеда€", "action_flag": 2, "change_message": "[{\"changed\": {\"fields\": [\"Video ling\"]}}]"}}, {"model": "admin.logentry", "pk": 165, "fields": {"action_time": "2022-08-08T11:25:14.726Z", "user": 1, "content_type": 7, "object_id": "7", "object_repr": "«вЄздные войны: ѕробуждение силы", "action_flag": 2, "change_message": "[{\"changed\": {\"fields\": [\"Video ling\"]}}]"}}, {"model": "admin.logentry", "pk": 166, "fields": {"action_time": "2022-08-08T11:25:47.405Z", "user": 1, "content_type": 7, "object_id": "8", "object_repr": "«вЄздные войны: ѕоследние джедаи", "action_flag": 2, "change_message": "[{\"changed\": {\"fields\": [\"Video ling\"]}}]"}}, {"model": "admin.logentry", "pk": 167, "fields": {"action_time": "2022-08-08T11:25:53.223Z", "user": 1, "content_type": 7, "object_id": "9", "object_repr": "«вЄздные войны: —кайуокер. ¬осход", "action_flag": 2, "change_message": "[{\"changed\": {\"fields\": [\"Video ling\"]}}]"}}, {"model": "admin.logentry", "pk": 168, "fields": {"action_time": "2022-08-08T12:26:35.907Z", "user": 1, "content_type": 20, "object_id": "1", "object_repr": "baradys", "action_flag": 1, "change_message": "[{\"added\": {}}]"}}, {"model": "admin.logentry", "pk": 169, "fields": {"action_time": "2022-08-08T12:32:41.178Z", "user": 1, "content_type": 20, "object_id": "1", "object_repr": "baradys", "action_flag": 3, "change_message": ""}}, {"model": "admin.logentry", "pk": 170, "fields": {"action_time": "2022-08-08T13:53:32.066Z", "user": 1, "content_type": 20, "object_id": "4", "object_repr": "baradys", "action_flag": 1, "change_message": "[{\"added\": {}}]"}}, {"model": "admin.logentry", "pk": 171, "fields": {"action_time": "2022-08-08T13:53:37.181Z", "user": 1, "content_type": 20, "object_id": "5", "object_repr": "baradysm", "action_flag": 1, "change_message": "[{\"added\": {}}]"}}, {"model": "admin.logentry", "pk": 172, "fields": {"action_time": "2022-08-08T14:16:08.211Z", "user": 1, "content_type": 20, "object_id": "2", "object_repr": "barmadyms", "action_flag": 3, "change_message": ""}}, {"model": "admin.logentry", "pk": 173, "fields": {"action_time": "2022-08-08T14:46:10.672Z", "user": 1, "content_type": 20, "object_id": "3", "object_repr": "admin", "action_flag": 2, "change_message": "[{\"changed\": {\"fields\": [\"Vk\", \"Instagram\"]}}]"}}, {"model": "admin.logentry", "pk": 174, "fields": {"action_time": "2022-08-08T15:36:36.247Z", "user": 1, "content_type": 20, "object_id": "7", "object_repr": "baradys", "action_flag": 1, "change_message": "[{\"added\": {}}]"}}, {"model": "admin.logentry", "pk": 175, "fields": {"action_time": "2022-08-08T15:36:39.952Z", "user": 1, "content_type": 20, "object_id": "1", "object_repr": "admin", "action_flag": 2, "change_message": "[]"}}, {"model": "admin.logentry", "pk": 176, "fields": {"action_time": "2022-08-09T09:42:36.860Z", "user": 1, "content_type": 20, "object_id": "9", "object_repr": "baradys", "action_flag": 2, "change_message": "[{\"changed\": {\"fields\": [\"Profile pic\", \"Country\", \"City\", \"Birthday\", \"Email\"]}}]"}}, {"model": "admin.logentry", "pk": 177, "fields": {"action_time": "2022-08-09T10:11:43.504Z", "user": 1, "content_type": 20, "object_id": "9", "object_repr": "baradys", "action_flag": 2, "change_message": "[{\"changed\": {\"fields\": [\"First name\", \"Last name\"]}}]"}}, {"model": "admin.logentry", "pk": 178, "fields": {"action_time": "2022-08-09T11:26:45.509Z", "user": 1, "content_type": 7, "object_id": "1", "object_repr": "«вЄздные войны: Ёпизод 1 Ч —крыта€ угроза", "action_flag": 2, "change_message": "[{\"changed\": {\"fields\": [\"Price\"]}}]"}}, {"model": "admin.logentry", "pk": 179, "fields": {"action_time": "2022-08-09T11:26:51.579Z", "user": 1, "content_type": 7, "object_id": "2", "object_repr": "«вЄздные войны: Ёпизод 2 Ч јтака клонов", "action_flag": 2, "change_message": "[{\"changed\": {\"fields\": [\"Price\"]}}]"}}, {"model": "admin.logentry", "pk": 180, "fields": {"action_time": "2022-08-09T11:26:56.136Z", "user": 1, "content_type": 7, "object_id": "3", "object_repr": "«вЄздные войны: Ёпизод 3 Ч ћесть ситхов", "action_flag": 2, "change_message": "[{\"changed\": {\"fields\": [\"Price\"]}}]"}}, {"model": "admin.logentry", "pk": 181, "fields": {"action_time": "2022-08-09T11:27:04.649Z", "user": 1, "content_type": 7, "object_id": "4", "object_repr": "«вЄздные войны: Ёпизод 4 Ч Ќова€ надежда", "action_flag": 2, "change_message": "[{\"changed\": {\"fields\": [\"Price\"]}}]"}}, {"model": "admin.logentry", "pk": 182, "fields": {"action_time": "2022-08-09T11:27:10.315Z", "user": 1, "content_type": 7, "object_id": "5", "object_repr": "«вЄздные войны: Ёпизод 5 Ч »мпери€ наносит ответный удар", "action_flag": 2, "change_message": "[{\"changed\": {\"fields\": [\"Price\"]}}]"}}, {"model": "admin.logentry", "pk": 183, "fields": {"action_time": "2022-08-09T11:27:15.444Z", "user": 1, "content_type": 7, "object_id": "6", "object_repr": "«вЄздные войны: Ёпизод 6 Ч ¬озвращение ƒжеда€", "action_flag": 2, "change_message": "[{\"changed\": {\"fields\": [\"Price\"]}}]"}}, {"model": "admin.logentry", "pk": 184, "fields": {"action_time": "2022-08-09T11:27:20.312Z", "user": 1, "content_type": 7, "object_id": "7", "object_repr": "«вЄздные войны: ѕробуждение силы", "action_flag": 2, "change_message": "[{\"changed\": {\"fields\": [\"Price\"]}}]"}}, {"model": "admin.logentry", "pk": 185, "fields": {"action_time": "2022-08-09T11:27:25.458Z", "user": 1, "content_type": 7, "object_id": "8", "object_repr": "«вЄздные войны: ѕоследние джедаи", "action_flag": 2, "change_message": "[{\"changed\": {\"fields\": [\"Price\"]}}]"}}, {"model": "admin.logentry", "pk": 186, "fields": {"action_time": "2022-08-09T11:27:31.149Z", "user": 1, "content_type": 7, "object_id": "9", "object_repr": "«вЄздные войны: —кайуокер. ¬осход", "action_flag": 2, "change_message": "[{\"changed\": {\"fields\": [\"Price\"]}}]"}}, {"model": "admin.logentry", "pk": 187, "fields": {"action_time": "2022-08-09T13:06:31.057Z", "user": 1, "content_type": 8, "object_id": "1", "object_repr": "Star Wars: Fallen Order", "action_flag": 1, "change_message": "[{\"added\": {}}]"}}, {"model": "admin.logentry", "pk": 188, "fields": {"action_time": "2022-08-09T13:06:55.292Z", "user": 1, "content_type": 8, "object_id": "2", "object_repr": "Star Wars: Knights of the Old Republic", "action_flag": 1, "change_message": "[{\"added\": {}}]"}}, {"model": "admin.logentry", "pk": 189, "fields": {"action_time": "2022-08-10T16:26:34.886Z", "user": 1, "content_type": 21, "object_id": "21", "object_repr": "Order 21", "action_flag": 3, "change_message": ""}}, {"model": "admin.logentry", "pk": 190, "fields": {"action_time": "2022-08-10T16:26:34.973Z", "user": 1, "content_type": 21, "object_id": "20", "object_repr": "Order 20", "action_flag": 3, "change_message": ""}}, {"model": "admin.logentry", "pk": 191, "fields": {"action_time": "2022-08-10T16:26:35.037Z", "user": 1, "content_type": 21, "object_id": "19", "object_repr": "Order 19", "action_flag": 3, "change_message": ""}}, {"model": "admin.logentry", "pk": 192, "fields": {"action_time": "2022-08-10T16:26:35.100Z", "user": 1, "content_type": 21, "object_id": "18", "object_repr": "Order 18", "action_flag": 3, "change_message": ""}}, {"model": "admin.logentry", "pk": 193, "fields": {"action_time": "2022-08-10T16:26:35.163Z", "user": 1, "content_type": 21, "object_id": "17", "object_repr": "Order 17", "action_flag": 3, "change_message": ""}}, {"model": "admin.logentry", "pk": 194, "fields": {"action_time": "2022-08-10T16:26:35.227Z", "user": 1, "content_type": 21, "object_id": "16", "object_repr": "Order 16", "action_flag": 3, "change_message": ""}}, {"model": "admin.logentry", "pk": 195, "fields": {"action_time": "2022-08-10T16:26:35.290Z", "user": 1, "content_type": 21, "object_id": "15", "object_repr": "Order 15", "action_flag": 3, "change_message": ""}}, {"model": "admin.logentry", "pk": 196, "fields": {"action_time": "2022-08-10T16:26:35.363Z", "user": 1, "content_type": 21, "object_id": "14", "object_repr": "Order 14", "action_flag": 3, "change_message": ""}}, {"model": "admin.logentry", "pk": 197, "fields": {"action_time": "2022-08-10T16:26:35.427Z", "user": 1, "content_type": 21, "object_id": "13", "object_repr": "Order 13", "action_flag": 3, "change_message": ""}}, {"model": "admin.logentry", "pk": 198, "fields": {"action_time": "2022-08-10T16:26:35.490Z", "user": 1, "content_type": 21, "object_id": "12", "object_repr": "Order 12", "action_flag": 3, "change_message": ""}}, {"model": "admin.logentry", "pk": 199, "fields": {"action_time": "2022-08-10T16:26:35.553Z", "user": 1, "content_type": 21, "object_id": "11", "object_repr": "Order 11", "action_flag": 3, "change_message": ""}}, {"model": "admin.logentry", "pk": 200, "fields": {"action_time": "2022-08-10T16:26:35.617Z", "user": 1, "content_type": 21, "object_id": "10", "object_repr": "Order 10", "action_flag": 3, "change_message": ""}}, {"model": "admin.logentry", "pk": 201, "fields": {"action_time": "2022-08-10T16:26:35.690Z", "user": 1, "content_type": 21, "object_id": "9", "object_repr": "Order 9", "action_flag": 3, "change_message": ""}}, {"model": "admin.logentry", "pk": 202, "fields": {"action_time": "2022-08-10T16:26:35.753Z", "user": 1, "content_type": 21, "object_id": "8", "object_repr": "Order 8", "action_flag": 3, "change_message": ""}}, {"model": "admin.logentry", "pk": 203, "fields": {"action_time": "2022-08-10T16:26:35.816Z", "user": 1, "content_type": 21, "object_id": "7", "object_repr": "Order 7", "action_flag": 3, "change_message": ""}}, {"model": "admin.logentry", "pk": 204, "fields": {"action_time": "2022-08-10T16:26:35.891Z", "user": 1, "content_type": 21, "object_id": "6", "object_repr": "Order 6", "action_flag": 3, "change_message": ""}}, {"model": "admin.logentry", "pk": 205, "fields": {"action_time": "2022-08-10T16:26:35.954Z", "user": 1, "content_type": 21, "object_id": "5", "object_repr": "Order 5", "action_flag": 3, "change_message": ""}}, {"model": "admin.logentry", "pk": 206, "fields": {"action_time": "2022-08-10T16:26:36.017Z", "user": 1, "content_type": 21, "object_id": "4", "object_repr": "Order 4", "action_flag": 3, "change_message": ""}}, {"model": "admin.logentry", "pk": 207, "fields": {"action_time": "2022-08-10T16:26:36.091Z", "user": 1, "content_type": 21, "object_id": "3", "object_repr": "Order 3", "action_flag": 3, "change_message": ""}}, {"model": "admin.logentry", "pk": 208, "fields": {"action_time": "2022-08-10T16:26:36.153Z", "user": 1, "content_type": 21, "object_id": "2", "object_repr": "Order 2", "action_flag": 3, "change_message": ""}}, {"model": "admin.logentry", "pk": 209, "fields": {"action_time": "2022-08-10T16:26:36.227Z", "user": 1, "content_type": 21, "object_id": "1", "object_repr": "Order 1", "action_flag": 3, "change_message": ""}}, {"model": "admin.logentry", "pk": 210, "fields": {"action_time": "2022-08-10T17:07:21.825Z", "user": 1, "content_type": 8, "object_id": "2", "object_repr": "Star Wars: Knights of the Old Republic", "action_flag": 2, "change_message": "[{\"changed\": {\"fields\": [\"Price\"]}}]"}}, {"model": "admin.logentry", "pk": 211, "fields": {"action_time": "2022-08-10T17:07:25.842Z", "user": 1, "content_type": 8, "object_id": "2", "object_repr": "Star Wars: Knights of the Old Republic", "action_flag": 2, "change_message": "[{\"changed\": {\"fields\": [\"Price\"]}}]"}}, {"model": "admin.logentry", "pk": 212, "fields": {"action_time": "2022-08-10T17:07:46.002Z", "user": 1, "content_type": 8, "object_id": "2", "object_repr": "Star Wars: Knights of the Old Republic", "action_flag": 2, "change_message": "[{\"changed\": {\"fields\": [\"Price\"]}}]"}}, {"model": "admin.logentry", "pk": 213, "fields": {"action_time": "2022-08-10T18:19:53.309Z", "user": 1, "content_type": 21, "object_id": "22", "object_repr": "Order 22", "action_flag": 2, "change_message": "[]"}}, {"model": "admin.logentry", "pk": 214, "fields": {"action_time": "2022-08-10T18:20:00.346Z", "user": 1, "content_type": 21, "object_id": "22", "object_repr": "Order 22", "action_flag": 2, "change_message": "[{\"changed\": {\"name\": \"order item\", \"object\": \"Order 22\", \"fields\": [\"Price\"]}}]"}}, {"model": "admin.logentry", "pk": 215, "fields": {"action_time": "2022-08-10T18:20:07.794Z", "user": 1, "content_type": 21, "object_id": "22", "object_repr": "Order 22", "action_flag": 2, "change_message": "[{\"changed\": {\"name\": \"order item\", \"object\": \"Order 22\", \"fields\": [\"Price\"]}}]"}}, {"model": "admin.logentry", "pk": 216, "fields": {"action_time": "2022-08-10T18:21:25.896Z", "user": 1, "content_type": 21, "object_id": "22", "object_repr": "Order 22", "action_flag": 2, "change_message": "[{\"changed\": {\"name\": \"order item\", \"object\": \"Order 22\", \"fields\": [\"Product\"]}}]"}}, {"model": "admin.logentry", "pk": 217, "fields": {"action_time": "2022-08-10T18:21:31.749Z", "user": 1, "content_type": 21, "object_id": "22", "object_repr": "Order 22", "action_flag": 2, "change_message": "[{\"changed\": {\"name\": \"order item\", \"object\": \"Order 22\", \"fields\": [\"Product\"]}}]"}}, {"model": "admin.logentry", "pk": 218, "fields": {"action_time": "2022-08-10T19:05:49.484Z", "user": 1, "content_type": 21, "object_id": "22", "object_repr": "Order 22", "action_flag": 2, "change_message": "[{\"changed\": {\"name\": \"order item\", \"object\": \"Order 22\", \"fields\": [\"Quantity\"]}}]"}}, {"model": "admin.logentry", "pk": 219, "fields": {"action_time": "2022-08-10T19:05:54.474Z", "user": 1, "content_type": 21, "object_id": "22", "object_repr": "Order 22", "action_flag": 2, "change_message": "[{\"changed\": {\"name\": \"order item\", \"object\": \"Order 22\", \"fields\": [\"Quantity\"]}}]"}}, {"model": "admin.logentry", "pk": 220, "fields": {"action_time": "2022-08-11T18:01:01.319Z", "user": 1, "content_type": 24, "object_id": "1", "object_repr": "Chat object (1)", "action_flag": 1, "change_message": "[{\"added\": {}}]"}}, {"model": "admin.logentry", "pk": 221, "fields": {"action_time": "2022-08-11T18:01:39.129Z", "user": 1, "content_type": 24, "object_id": "1", "object_repr": "Chat object (1)", "action_flag": 2, "change_message": "[{\"changed\": {\"fields\": [\"Members\"]}}]"}}, {"model": "admin.logentry", "pk": 222, "fields": {"action_time": "2022-08-11T18:02:03.271Z", "user": 1, "content_type": 23, "object_id": "1", "object_repr": "hello", "action_flag": 1, "change_message": "[{\"added\": {}}]"}}, {"model": "admin.logentry", "pk": 223, "fields": {"action_time": "2022-08-11T18:02:54.760Z", "user": 1, "content_type": 23, "object_id": "2", "object_repr": "hi", "action_flag": 1, "change_message": "[{\"added\": {}}]"}}, {"model": "admin.logentry", "pk": 224, "fields": {"action_time": "2022-08-11T18:07:17.071Z", "user": 1, "content_type": 23, "object_id": "3", "object_repr": "sadfsadf", "action_flag": 1, "change_message": "[{\"added\": {}}]"}}, {"model": "admin.logentry", "pk": 225, "fields": {"action_time": "2022-08-11T18:10:21.575Z", "user": 1, "content_type": 24, "object_id": "1", "object_repr": "Chat object (1)", "action_flag": 2, "change_message": "[]"}}, {"model": "admin.logentry", "pk": 226, "fields": {"action_time": "2022-08-11T18:10:38.001Z", "user": 1, "content_type": 24, "object_id": "2", "object_repr": "Chat object (2)", "action_flag": 1, "change_message": "[{\"added\": {}}]"}}, {"model": "admin.logentry", "pk": 227, "fields": {"action_time": "2022-08-11T18:11:42.519Z", "user": 1, "content_type": 23, "object_id": "1", "object_repr": "hello", "action_flag": 2, "change_message": "[{\"changed\": {\"fields\": [\"Chat\"]}}]"}}, {"model": "admin.logentry", "pk": 228, "fields": {"action_time": "2022-08-11T18:13:36.358Z", "user": 1, "content_type": 23, "object_id": "4", "object_repr": "wwrer", "action_flag": 1, "change_message": "[{\"added\": {}}]"}}, {"model": "admin.logentry", "pk": 229, "fields": {"action_time": "2022-08-11T18:13:56.742Z", "user": 1, "content_type": 24, "object_id": "3", "object_repr": "Chat object (3)", "action_flag": 1, "change_message": "[{\"added\": {}}]"}}, {"model": "admin.logentry", "pk": 230, "fields": {"action_time": "2022-08-11T18:14:11.491Z", "user": 1, "content_type": 23, "object_id": "5", "object_repr": "werwer", "action_flag": 1, "change_message": "[{\"added\": {}}]"}}, {"model": "admin.logentry", "pk": 231, "fields": {"action_time": "2022-08-11T18:14:28.022Z", "user": 1, "content_type": 24, "object_id": "4", "object_repr": "Chat object (4)", "action_flag": 1, "change_message": "[{\"added\": {}}]"}}, {"model": "admin.logentry", "pk": 232, "fields": {"action_time": "2022-08-11T18:14:37.300Z", "user": 1, "content_type": 23, "object_id": "6", "object_repr": "dsfgdg", "action_flag": 1, "change_message": "[{\"added\": {}}]"}}, {"model": "admin.logentry", "pk": 233, "fields": {"action_time": "2022-08-11T18:14:47.117Z", "user": 1, "content_type": 23, "object_id": "1", "object_repr": "hello", "action_flag": 2, "change_message": "[{\"changed\": {\"fields\": [\"Author\"]}}]"}}, {"model": "admin.logentry", "pk": 234, "fields": {"action_time": "2022-08-12T10:17:28.390Z", "user": 1, "content_type": 23, "object_id": "5", "object_repr": "hellow dude", "action_flag": 2, "change_message": "[{\"changed\": {\"fields\": [\"Message\"]}}]"}}, {"model": "admin.logentry", "pk": 235, "fields": {"action_time": "2022-08-12T10:19:08.858Z", "user": 1, "content_type": 23, "object_id": "5", "object_repr": "hellow dude", "action_flag": 2, "change_message": "[{\"changed\": {\"fields\": [\"Is read\"]}}]"}}, {"model": "admin.logentry", "pk": 236, "fields": {"action_time": "2022-08-12T10:40:21.707Z", "user": 1, "content_type": 20, "object_id": "1", "object_repr": "admin", "action_flag": 2, "change_message": "[{\"changed\": {\"fields\": [\"Profile pic\"]}}]"}}, {"model": "admin.logentry", "pk": 237, "fields": {"action_time": "2022-08-12T10:44:25.968Z", "user": 1, "content_type": 24, "object_id": "2", "object_repr": "Chat object (2)", "action_flag": 2, "change_message": "[{\"changed\": {\"fields\": [\"Type of chat\"]}}]"}}, {"model": "admin.logentry", "pk": 238, "fields": {"action_time": "2022-08-12T10:44:42.644Z", "user": 1, "content_type": 24, "object_id": "4", "object_repr": "Chat object (4)", "action_flag": 2, "change_message": "[{\"changed\": {\"fields\": [\"Members\"]}}]"}}, {"model": "admin.logentry", "pk": 239, "fields": {"action_time": "2022-08-12T10:44:49.272Z", "user": 1, "content_type": 24, "object_id": "3", "object_repr": "Chat object (3)", "action_flag": 2, "change_message": "[{\"changed\": {\"fields\": [\"Members\"]}}]"}}, {"model": "admin.logentry", "pk": 240, "fields": {"action_time": "2022-08-12T10:45:12.970Z", "user": 1, "content_type": 24, "object_id": "2", "object_repr": "Chat object (2)", "action_flag": 2, "change_message": "[{\"changed\": {\"fields\": [\"Members\"]}}]"}}, {"model": "admin.logentry", "pk": 241, "fields": {"action_time": "2022-08-12T10:48:22.660Z", "user": 1, "content_type": 4, "object_id": "15", "object_repr": "katya", "action_flag": 1, "change_message": "[{\"added\": {}}]"}}, {"model": "admin.logentry", "pk": 242, "fields": {"action_time": "2022-08-12T10:48:57.086Z", "user": 1, "content_type": 20, "object_id": "10", "object_repr": "katya", "action_flag": 2, "change_message": "[{\"changed\": {\"fields\": [\"Profile pic\"]}}]"}}, {"model": "admin.logentry", "pk": 243, "fields": {"action_time": "2022-08-12T10:49:25.291Z", "user": 1, "content_type": 24, "object_id": "5", "object_repr": "Chat object (5)", "action_flag": 1, "change_message": "[{\"added\": {}}]"}}, {"model": "admin.logentry", "pk": 244, "fields": {"action_time": "2022-08-12T10:49:47.800Z", "user": 1, "content_type": 23, "object_id": "7", "object_repr": "hellow", "action_flag": 1, "change_message": "[{\"added\": {}}]"}}, {"model": "admin.logentry", "pk": 245, "fields": {"action_time": "2022-08-12T10:50:06.654Z", "user": 1, "content_type": 24, "object_id": "6", "object_repr": "Chat object (6)", "action_flag": 1, "change_message": "[{\"added\": {}}]"}}, {"model": "admin.logentry", "pk": 246, "fields": {"action_time": "2022-08-12T10:50:24.261Z", "user": 1, "content_type": 23, "object_id": "8", "object_repr": "its chat", "action_flag": 1, "change_message": "[{\"added\": {}}]"}}, {"model": "admin.logentry", "pk": 247, "fields": {"action_time": "2022-08-12T10:50:48.272Z", "user": 1, "content_type": 23, "object_id": "9", "object_repr": "ok", "action_flag": 1, "change_message": "[{\"added\": {}}]"}}, {"model": "admin.logentry", "pk": 248, "fields": {"action_time": "2022-08-12T10:50:56.046Z", "user": 1, "content_type": 23, "object_id": "10", "object_repr": "ladna", "action_flag": 1, "change_message": "[{\"added\": {}}]"}}, {"model": "admin.logentry", "pk": 249, "fields": {"action_time": "2022-08-12T16:01:37.978Z", "user": 1, "content_type": 24, "object_id": "18", "object_repr": "Chat object (18)", "action_flag": 3, "change_message": ""}}, {"model": "admin.logentry", "pk": 250, "fields": {"action_time": "2022-08-12T16:01:38.055Z", "user": 1, "content_type": 24, "object_id": "17", "object_repr": "Chat object (17)", "action_flag": 3, "change_message": ""}}, {"model": "admin.logentry", "pk": 251, "fields": {"action_time": "2022-08-12T16:01:38.128Z", "user": 1, "content_type": 24, "object_id": "16", "object_repr": "Chat object (16)", "action_flag": 3, "change_message": ""}}, {"model": "admin.logentry", "pk": 252, "fields": {"action_time": "2022-08-12T16:01:38.201Z", "user": 1, "content_type": 24, "object_id": "15", "object_repr": "Chat object (15)", "action_flag": 3, "change_message": ""}}, {"model": "admin.logentry", "pk": 253, "fields": {"action_time": "2022-08-12T16:01:38.263Z", "user": 1, "content_type": 24, "object_id": "14", "object_repr": "Chat object (14)", "action_flag": 3, "change_message": ""}}, {"model": "admin.logentry", "pk": 254, "fields": {"action_time": "2022-08-12T16:01:38.325Z", "user": 1, "content_type": 24, "object_id": "13", "object_repr": "Chat object (13)", "action_flag": 3, "change_message": ""}}, {"model": "admin.logentry", "pk": 255, "fields": {"action_time": "2022-08-12T16:01:38.388Z", "user": 1, "content_type": 24, "object_id": "12", "object_repr": "Chat object (12)", "action_flag": 3, "change_message": ""}}, {"model": "admin.logentry", "pk": 256, "fields": {"action_time": "2022-08-12T16:01:38.451Z", "user": 1, "content_type": 24, "object_id": "11", "object_repr": "Chat object (11)", "action_flag": 3, "change_message": ""}}, {"model": "admin.logentry", "pk": 257, "fields": {"action_time": "2022-08-12T16:01:38.524Z", "user": 1, "content_type": 24, "object_id": "10", "object_repr": "Chat object (10)", "action_flag": 3, "change_message": ""}}, {"model": "admin.logentry", "pk": 258, "fields": {"action_time": "2022-08-12T16:01:38.606Z", "user": 1, "content_type": 24, "object_id": "9", "object_repr": "Chat object (9)", "action_flag": 3, "change_message": ""}}, {"model": "admin.logentry", "pk": 259, "fields": {"action_time": "2022-08-12T16:01:38.669Z", "user": 1, "content_type": 24, "object_id": "8", "object_repr": "Chat object (8)", "action_flag": 3, "change_message": ""}}, {"model": "admin.logentry", "pk": 260, "fields": {"action_time": "2022-08-12T16:01:38.731Z", "user": 1, "content_type": 24, "object_id": "7", "object_repr": "Chat object (7)", "action_flag": 3, "change_message": ""}}, {"model": "admin.logentry", "pk": 261, "fields": {"action_time": "2022-08-12T16:01:38.795Z", "user": 1, "content_type": 24, "object_id": "6", "object_repr": "Chat object (6)", "action_flag": 3, "change_message": ""}}, {"model": "admin.logentry", "pk": 262, "fields": {"action_time": "2022-08-12T16:01:38.858Z", "user": 1, "content_type": 24, "object_id": "5", "object_repr": "Chat object (5)", "action_flag": 3, "change_message": ""}}, {"model": "admin.logentry", "pk": 263, "fields": {"action_time": "2022-08-12T16:01:38.920Z", "user": 1, "content_type": 24, "object_id": "4", "object_repr": "Chat object (4)", "action_flag": 3, "change_message": ""}}, {"model": "admin.logentry", "pk": 264, "fields": {"action_time": "2022-08-12T16:01:38.983Z", "user": 1, "content_type": 24, "object_id": "3", "object_repr": "Chat object (3)", "action_flag": 3, "change_message": ""}}, {"model": "admin.logentry", "pk": 265, "fields": {"action_time": "2022-08-12T16:01:39.045Z", "user": 1, "content_type": 24, "object_id": "2", "object_repr": "Chat object (2)", "action_flag": 3, "change_message": ""}}, {"model": "admin.logentry", "pk": 266, "fields": {"action_time": "2022-08-12T16:01:39.108Z", "user": 1, "content_type": 24, "object_id": "1", "object_repr": "Chat object (1)", "action_flag": 3, "change_message": ""}}, {"model": "admin.logentry", "pk": 267, "fields": {"action_time": "2022-08-12T16:07:35.179Z", "user": 1, "content_type": 24, "object_id": "25", "object_repr": "Chat object (25)", "action_flag": 3, "change_message": ""}}, {"model": "admin.logentry", "pk": 268, "fields": {"action_time": "2022-08-12T16:07:35.244Z", "user": 1, "content_type": 24, "object_id": "24", "object_repr": "Chat object (24)", "action_flag": 3, "change_message": ""}}, {"model": "admin.logentry", "pk": 269, "fields": {"action_time": "2022-08-12T16:07:35.307Z", "user": 1, "content_type": 24, "object_id": "23", "object_repr": "Chat object (23)", "action_flag": 3, "change_message": ""}}, {"model": "admin.logentry", "pk": 270, "fields": {"action_time": "2022-08-12T16:07:35.370Z", "user": 1, "content_type": 24, "object_id": "22", "object_repr": "Chat object (22)", "action_flag": 3, "change_message": ""}}, {"model": "admin.logentry", "pk": 271, "fields": {"action_time": "2022-08-12T16:07:35.432Z", "user": 1, "content_type": 24, "object_id": "21", "object_repr": "Chat object (21)", "action_flag": 3, "change_message": ""}}, {"model": "admin.logentry", "pk": 272, "fields": {"action_time": "2022-08-12T16:07:35.496Z", "user": 1, "content_type": 24, "object_id": "20", "object_repr": "Chat object (20)", "action_flag": 3, "change_message": ""}}, {"model": "admin.logentry", "pk": 273, "fields": {"action_time": "2022-08-12T16:07:35.569Z", "user": 1, "content_type": 24, "object_id": "19", "object_repr": "Chat object (19)", "action_flag": 3, "change_message": ""}}, {"model": "admin.logentry", "pk": 274, "fields": {"action_time": "2022-08-12T16:08:12.133Z", "user": 1, "content_type": 24, "object_id": "26", "object_repr": "Chat object (26)", "action_flag": 3, "change_message": ""}}, {"model": "admin.logentry", "pk": 275, "fields": {"action_time": "2022-08-12T16:09:05.939Z", "user": 1, "content_type": 24, "object_id": "27", "object_repr": "Chat object (27)", "action_flag": 3, "change_message": ""}}, {"model": "admin.logentry", "pk": 276, "fields": {"action_time": "2022-08-12T16:09:41.747Z", "user": 1, "content_type": 24, "object_id": "28", "object_repr": "Chat object (28)", "action_flag": 3, "change_message": ""}}, {"model": "admin.logentry", "pk": 277, "fields": {"action_time": "2022-08-12T16:10:17.053Z", "user": 1, "content_type": 24, "object_id": "29", "object_repr": "Chat object (29)", "action_flag": 3, "change_message": ""}}, {"model": "admin.logentry", "pk": 278, "fields": {"action_time": "2022-08-12T16:26:30.179Z", "user": 1, "content_type": 24, "object_id": "32", "object_repr": "Chat object (32)", "action_flag": 3, "change_message": ""}}, {"model": "auth.permission", "pk": 1, "fields": {"name": "Can add log entry", "content_type": 1, "codename": "add_logentry"}}, {"model": "auth.permission", "pk": 2, "fields": {"name": "Can change log entry", "content_type": 1, "codename": "change_logentry"}}, {"model": "auth.permission", "pk": 3, "fields": {"name": "Can delete log entry", "content_type": 1, "codename": "delete_logentry"}}, {"model": "auth.permission", "pk": 4, "fields": {"name": "Can view log entry", "content_type": 1, "codename": "view_logentry"}}, {"model": "auth.permission", "pk": 5, "fields": {"name": "Can add permission", "content_type": 2, "codename": "add_permission"}}, {"model": "auth.permission", "pk": 6, "fields": {"name": "Can change permission", "content_type": 2, "codename": "change_permission"}}, {"model": "auth.permission", "pk": 7, "fields": {"name": "Can delete permission", "content_type": 2, "codename": "delete_permission"}}, {"model": "auth.permission", "pk": 8, "fields": {"name": "Can view permission", "content_type": 2, "codename": "view_permission"}}, {"model": "auth.permission", "pk": 9, "fields": {"name": "Can add group", "content_type": 3, "codename": "add_group"}}, {"model": "auth.permission", "pk": 10, "fields": {"name": "Can change group", "content_type": 3, "codename": "change_group"}}, {"model": "auth.permission", "pk": 11, "fields": {"name": "Can delete group", "content_type": 3, "codename": "delete_group"}}, {"model": "auth.permission", "pk": 12, "fields": {"name": "Can view group", "content_type": 3, "codename": "view_group"}}, {"model": "auth.permission", "pk": 13, "fields": {"name": "Can add user", "content_type": 4, "codename": "add_user"}}, {"model": "auth.permission", "pk": 14, "fields": {"name": "Can change user", "content_type": 4, "codename": "change_user"}}, {"model": "auth.permission", "pk": 15, "fields": {"name": "Can delete user", "content_type": 4, "codename": "delete_user"}}, {"model": "auth.permission", "pk": 16, "fields": {"name": "Can view user", "content_type": 4, "codename": "view_user"}}, {"model": "auth.permission", "pk": 17, "fields": {"name": "Can add content type", "content_type": 5, "codename": "add_contenttype"}}, {"model": "auth.permission", "pk": 18, "fields": {"name": "Can change content type", "content_type": 5, "codename": "change_contenttype"}}, {"model": "auth.permission", "pk": 19, "fields": {"name": "Can delete content type", "content_type": 5, "codename": "delete_contenttype"}}, {"model": "auth.permission", "pk": 20, "fields": {"name": "Can view content type", "content_type": 5, "codename": "view_contenttype"}}, {"model": "auth.permission", "pk": 21, "fields": {"name": "Can add session", "content_type": 6, "codename": "add_session"}}, {"model": "auth.permission", "pk": 22, "fields": {"name": "Can change session", "content_type": 6, "codename": "change_session"}}, {"model": "auth.permission", "pk": 23, "fields": {"name": "Can delete session", "content_type": 6, "codename": "delete_session"}}, {"model": "auth.permission", "pk": 24, "fields": {"name": "Can view session", "content_type": 6, "codename": "view_session"}}, {"model": "auth.permission", "pk": 25, "fields": {"name": "Can add movie", "content_type": 7, "codename": "add_movie"}}, {"model": "auth.permission", "pk": 26, "fields": {"name": "Can change movie", "content_type": 7, "codename": "change_movie"}}, {"model": "auth.permission", "pk": 27, "fields": {"name": "Can delete movie", "content_type": 7, "codename": "delete_movie"}}, {"model": "auth.permission", "pk": 28, "fields": {"name": "Can view movie", "content_type": 7, "codename": "view_movie"}}, {"model": "auth.permission", "pk": 29, "fields": {"name": "Can add game", "content_type": 8, "codename": "add_game"}}, {"model": "auth.permission", "pk": 30, "fields": {"name": "Can change game", "content_type": 8, "codename": "change_game"}}, {"model": "auth.permission", "pk": 31, "fields": {"name": "Can delete game", "content_type": 8, "codename": "delete_game"}}, {"model": "auth.permission", "pk": 32, "fields": {"name": "Can view game", "content_type": 8, "codename": "view_game"}}, {"model": "auth.permission", "pk": 33, "fields": {"name": "Can add book", "content_type": 9, "codename": "add_book"}}, {"model": "auth.permission", "pk": 34, "fields": {"name": "Can change book", "content_type": 9, "codename": "change_book"}}, {"model": "auth.permission", "pk": 35, "fields": {"name": "Can delete book", "content_type": 9, "codename": "delete_book"}}, {"model": "auth.permission", "pk": 36, "fields": {"name": "Can view book", "content_type": 9, "codename": "view_book"}}, {"model": "auth.permission", "pk": 37, "fields": {"name": "Can add serial", "content_type": 10, "codename": "add_serial"}}, {"model": "auth.permission", "pk": 38, "fields": {"name": "Can change serial", "content_type": 10, "codename": "change_serial"}}, {"model": "auth.permission", "pk": 39, "fields": {"name": "Can delete serial", "content_type": 10, "codename": "delete_serial"}}, {"model": "auth.permission", "pk": 40, "fields": {"name": "Can view serial", "content_type": 10, "codename": "view_serial"}}, {"model": "auth.permission", "pk": 41, "fields": {"name": "Can add countries", "content_type": 11, "codename": "add_countries"}}, {"model": "auth.permission", "pk": 42, "fields": {"name": "Can change countries", "content_type": 11, "codename": "change_countries"}}, {"model": "auth.permission", "pk": 43, "fields": {"name": "Can delete countries", "content_type": 11, "codename": "delete_countries"}}, {"model": "auth.permission", "pk": 44, "fields": {"name": "Can view countries", "content_type": 11, "codename": "view_countries"}}, {"model": "auth.permission", "pk": 45, "fields": {"name": "Can add director", "content_type": 12, "codename": "add_director"}}, {"model": "auth.permission", "pk": 46, "fields": {"name": "Can change director", "content_type": 12, "codename": "change_director"}}, {"model": "auth.permission", "pk": 47, "fields": {"name": "Can delete director", "content_type": 12, "codename": "delete_director"}}, {"model": "auth.permission", "pk": 48, "fields": {"name": "Can view director", "content_type": 12, "codename": "view_director"}}, {"model": "auth.permission", "pk": 49, "fields": {"name": "Can add composer", "content_type": 13, "codename": "add_composer"}}, {"model": "auth.permission", "pk": 50, "fields": {"name": "Can change composer", "content_type": 13, "codename": "change_composer"}}, {"model": "auth.permission", "pk": 51, "fields": {"name": "Can delete composer", "content_type": 13, "codename": "delete_composer"}}, {"model": "auth.permission", "pk": 52, "fields": {"name": "Can view composer", "content_type": 13, "codename": "view_composer"}}, {"model": "auth.permission", "pk": 53, "fields": {"name": "Can add actor", "content_type": 14, "codename": "add_actor"}}, {"model": "auth.permission", "pk": 54, "fields": {"name": "Can change actor", "content_type": 14, "codename": "change_actor"}}, {"model": "auth.permission", "pk": 55, "fields": {"name": "Can delete actor", "content_type": 14, "codename": "delete_actor"}}, {"model": "auth.permission", "pk": 56, "fields": {"name": "Can view actor", "content_type": 14, "codename": "view_actor"}}, {"model": "auth.permission", "pk": 57, "fields": {"name": "Can add carrier role", "content_type": 15, "codename": "add_carrierrole"}}, {"model": "auth.permission", "pk": 58, "fields": {"name": "Can change carrier role", "content_type": 15, "codename": "change_carrierrole"}}, {"model": "auth.permission", "pk": 59, "fields": {"name": "Can delete carrier role", "content_type": 15, "codename": "delete_carrierrole"}}, {"model": "auth.permission", "pk": 60, "fields": {"name": "Can view carrier role", "content_type": 15, "codename": "view_carrierrole"}}, {"model": "auth.permission", "pk": 61, "fields": {"name": "Can add products", "content_type": 16, "codename": "add_products"}}, {"model": "auth.permission", "pk": 62, "fields": {"name": "Can change products", "content_type": 16, "codename": "change_products"}}, {"model": "auth.permission", "pk": 63, "fields": {"name": "Can delete products", "content_type": 16, "codename": "delete_products"}}, {"model": "auth.permission", "pk": 64, "fields": {"name": "Can view products", "content_type": 16, "codename": "view_products"}}, {"model": "auth.permission", "pk": 65, "fields": {"name": "Can add feed back", "content_type": 17, "codename": "add_feedback"}}, {"model": "auth.permission", "pk": 66, "fields": {"name": "Can change feed back", "content_type": 17, "codename": "change_feedback"}}, {"model": "auth.permission", "pk": 67, "fields": {"name": "Can delete feed back", "content_type": 17, "codename": "delete_feedback"}}, {"model": "auth.permission", "pk": 68, "fields": {"name": "Can view feed back", "content_type": 17, "codename": "view_feedback"}}, {"model": "auth.permission", "pk": 69, "fields": {"name": "Can add comment", "content_type": 18, "codename": "add_comment"}}, {"model": "auth.permission", "pk": 70, "fields": {"name": "Can change comment", "content_type": 18, "codename": "change_comment"}}, {"model": "auth.permission", "pk": 71, "fields": {"name": "Can delete comment", "content_type": 18, "codename": "delete_comment"}}, {"model": "auth.permission", "pk": 72, "fields": {"name": "Can view comment", "content_type": 18, "codename": "view_comment"}}, {"model": "auth.permission", "pk": 73, "fields": {"name": "Can add rating", "content_type": 19, "codename": "add_rating"}}, {"model": "auth.permission", "pk": 74, "fields": {"name": "Can change rating", "content_type": 19, "codename": "change_rating"}}, {"model": "auth.permission", "pk": 75, "fields": {"name": "Can delete rating", "content_type": 19, "codename": "delete_rating"}}, {"model": "auth.permission", "pk": 76, "fields": {"name": "Can view rating", "content_type": 19, "codename": "view_rating"}}, {"model": "auth.permission", "pk": 77, "fields": {"name": "Can add profile", "content_type": 20, "codename": "add_profile"}}, {"model": "auth.permission", "pk": 78, "fields": {"name": "Can change profile", "content_type": 20, "codename": "change_profile"}}, {"model": "auth.permission", "pk": 79, "fields": {"name": "Can delete profile", "content_type": 20, "codename": "delete_profile"}}, {"model": "auth.permission", "pk": 80, "fields": {"name": "Can view profile", "content_type": 20, "codename": "view_profile"}}, {"model": "auth.permission", "pk": 81, "fields": {"name": "Can add «аказ", "content_type": 21, "codename": "add_order"}}, {"model": "auth.permission", "pk": 82, "fields": {"name": "Can change «аказ", "content_type": 21, "codename": "change_order"}}, {"model": "auth.permission", "pk": 83, "fields": {"name": "Can delete «аказ", "content_type": 21, "codename": "delete_order"}}, {"model": "auth.permission", "pk": 84, "fields": {"name": "Can view «аказ", "content_type": 21, "codename": "view_order"}}, {"model": "auth.permission", "pk": 85, "fields": {"name": "Can add order item", "content_type": 22, "codename": "add_orderitem"}}, {"model": "auth.permission", "pk": 86, "fields": {"name": "Can change order item", "content_type": 22, "codename": "change_orderitem"}}, {"model": "auth.permission", "pk": 87, "fields": {"name": "Can delete order item", "content_type": 22, "codename": "delete_orderitem"}}, {"model": "auth.permission", "pk": 88, "fields": {"name": "Can view order item", "content_type": 22, "codename": "view_orderitem"}}, {"model": "auth.permission", "pk": 89, "fields": {"name": "Can add message", "content_type": 23, "codename": "add_message"}}, {"model": "auth.permission", "pk": 90, "fields": {"name": "Can change message", "content_type": 23, "codename": "change_message"}}, {"model": "auth.permission", "pk": 91, "fields": {"name": "Can delete message", "content_type": 23, "codename": "delete_message"}}, {"model": "auth.permission", "pk": 92, "fields": {"name": "Can view message", "content_type": 23, "codename": "view_message"}}, {"model": "auth.permission", "pk": 93, "fields": {"name": "Can add chat", "content_type": 24, "codename": "add_chat"}}, {"model": "auth.permission", "pk": 94, "fields": {"name": "Can change chat", "content_type": 24, "codename": "change_chat"}}, {"model": "auth.permission", "pk": 95, "fields": {"name": "Can delete chat", "content_type": 24, "codename": "delete_chat"}}, {"model": "auth.permission", "pk": 96, "fields": {"name": "Can view chat", "content_type": 24, "codename": "view_chat"}}, {"model": "auth.permission", "pk": 97, "fields": {"name": "Can add cart", "content_type": 25, "codename": "add_cart"}}, {"model": "auth.permission", "pk": 98, "fields": {"name": "Can change cart", "content_type": 25, "codename": "change_cart"}}, {"model": "auth.permission", "pk": 99, "fields": {"name": "Can delete cart", "content_type": 25, "codename": "delete_cart"}}, {"model": "auth.permission", "pk": 100, "fields": {"name": "Can view cart", "content_type": 25, "codename": "view_cart"}}, {"model": "auth.permission", "pk": 101, "fields": {"name": "Can add cart model", "content_type": 26, "codename": "add_cartmodel"}}, {"model": "auth.permission", "pk": 102, "fields": {"name": "Can change cart model", "content_type": 26, "codename": "change_cartmodel"}}, {"model": "auth.permission", "pk": 103, "fields": {"name": "Can delete cart model", "content_type": 26, "codename": "delete_cartmodel"}}, {"model": "auth.permission", "pk": 104, "fields": {"name": "Can view cart model", "content_type": 26, "codename": "view_cartmodel"}}, {"model": "auth.user", "pk": 1, "fields": {"password": "pbkdf2_sha256$320000$n1AzYHu0C9da0jDQ2J2tGK$wOOWROLBhoMmRY9R6Xj6NLiYje8+lqpNNF4Wd65ZkLk=", "last_login": "2022-08-15T16:53:45.508Z", "is_superuser": true, "username": "admin", "first_name": "", "last_name": "", "email": "bym97m@mail.ru", "is_staff": true, "is_active": true, "date_joined": "2022-07-28T16:41:07.755Z", "groups": [], "user_permissions": []}}, {"model": "auth.user", "pk": 13, "fields": {"password": "pbkdf2_sha256$320000$NBb0wozgQ9UErGFolFTBJP$GcIpRs2mYyR3BOhopsdn/Si2xMDMO+prac8YumV9u84=", "last_login": "2022-08-15T16:53:37.382Z", "is_superuser": false, "username": "baradys", "first_name": "", "last_name": "", "email": "", "is_staff": false, "is_active": true, "date_joined": "2022-08-08T18:12:09.957Z", "groups": [], "user_permissions": []}}, {"model": "auth.user", "pk": 15, "fields": {"password": "pbkdf2_sha256$320000$hm2oKenztGybxc3E9Aew8E$HWGFiz7OcmRL8U6N6XhkXXdToNivgrFnV12i+4UKVJc=", "last_login": null, "is_superuser": false, "username": "katya", "first_name": "", "last_name": "", "email": "", "is_staff": false, "is_active": true, "date_joined": "2022-08-12T10:48:22.273Z", "groups": [], "user_permissions": []}}, {"model": "contenttypes.contenttype", "pk": 1, "fields": {"app_label": "admin", "model": "logentry"}}, {"model": "contenttypes.contenttype", "pk": 2, "fields": {"app_label": "auth", "model": "permission"}}, {"model": "contenttypes.contenttype", "pk": 3, "fields": {"app_label": "auth", "model": "group"}}, {"model": "contenttypes.contenttype", "pk": 4, "fields": {"app_label": "auth", "model": "user"}}, {"model": "contenttypes.contenttype", "pk": 5, "fields": {"app_label": "contenttypes", "model": "contenttype"}}, {"model": "contenttypes.contenttype", "pk": 6, "fields": {"app_label": "sessions", "model": "session"}}, {"model": "contenttypes.contenttype", "pk": 7, "fields": {"app_label": "movies", "model": "movie"}}, {"model": "contenttypes.contenttype", "pk": 8, "fields": {"app_label": "games", "model": "game"}}, {"model": "contenttypes.contenttype", "pk": 9, "fields": {"app_label": "books", "model": "book"}}, {"model": "contenttypes.contenttype", "pk": 10, "fields": {"app_label": "serials", "model": "serial"}}, {"model": "contenttypes.contenttype", "pk": 11, "fields": {"app_label": "movies", "model": "countries"}}, {"model": "contenttypes.contenttype", "pk": 12, "fields": {"app_label": "movies", "model": "director"}}, {"model": "contenttypes.contenttype", "pk": 13, "fields": {"app_label": "movies", "model": "composer"}}, {"model": "contenttypes.contenttype", "pk": 14, "fields": {"app_label": "movies", "model": "actor"}}, {"model": "contenttypes.contenttype", "pk": 15, "fields": {"app_label": "movies", "model": "carrierrole"}}, {"model": "contenttypes.contenttype", "pk": 16, "fields": {"app_label": "cart", "model": "products"}}, {"model": "contenttypes.contenttype", "pk": 17, "fields": {"app_label": "movies", "model": "feedback"}}, {"model": "contenttypes.contenttype", "pk": 18, "fields": {"app_label": "movies", "model": "comment"}}, {"model": "contenttypes.contenttype", "pk": 19, "fields": {"app_label": "movies", "model": "rating"}}, {"model": "contenttypes.contenttype", "pk": 20, "fields": {"app_label": "accounts", "model": "profile"}}, {"model": "contenttypes.contenttype", "pk": 21, "fields": {"app_label": "orders", "model": "order"}}, {"model": "contenttypes.contenttype", "pk": 22, "fields": {"app_label": "orders", "model": "orderitem"}}, {"model": "contenttypes.contenttype", "pk": 23, "fields": {"app_label": "accounts", "model": "message"}}, {"model": "contenttypes.contenttype", "pk": 24, "fields": {"app_label": "accounts", "model": "chat"}}, {"model": "contenttypes.contenttype", "pk": 25, "fields": {"app_label": "cart", "model": "cart"}}, {"model": "contenttypes.contenttype", "pk": 26, "fields": {"app_label": "cart", "model": "cartmodel"}}, {"model": "sessions.session", "pk": "1fe3hvsiyvioi94ylq3msvqcuqiomlhg", "fields": {"session_data": "e30:1oL4nG:aHeaNK37FIQEdp7eG7A8GQihXAjqnzRooNQYK9SKEfY", "expire_date": "2022-08-22T15:35:50.598Z"}}, {"model": "sessions.session", "pk": "1nliun5k03g0zr3ju83za5cx693g10ii", "fields": {"session_data": ".eJxVjDEOgzAMAP_iuYqSOEbA2L1vQE7sFtoqkQhMiL8jJBbWu9NtkHheoN_2Bwy8LuOwVp2HSaAHh3CDkdNP82nky_lTTCp5madozsRctppXEf0_r_Y2GLmO59d3EoNH6wgZYxBqkibHlCLqG62SSmhJ1ZKLjbOtsDRth5bEk4YA-wFP7Ds2:1oMXgL:qdTnwnKr8mhhUjoAzAIrFqZYIyWjFkr3ok_x3dPzprQ", "expire_date": "2022-08-26T16:38:45.978Z"}}, {"model": "sessions.session", "pk": "2033n2hpy21nnpafasj8dmtna7od6b2g", "fields": {"session_data": ".eJxVjEEOgyAUBe_CuiHwEZUuu_cM5PGBYttoIrpqevdq4qLdvpl5b-GxrcVvNS1-jOIqtLj8bgH8TNMB4gPTfZY8T-syBnko8qRVDnNMr9vp_h0U1LLXxEQOWmetdJMdKwYcHNkcYDm2magxtNOE1LXBRNP1OjnHpodVgPh8AeVxOBU:1oJx9x:-keIU0E3D5CHJsHnSddA1nAau5oG8YrMaB-Fi1RWLbs", "expire_date": "2022-08-19T13:14:37.961Z"}}, {"model": "sessions.session", "pk": "c0uk6sjhgc3zg4kasdkchzm2bete4wcy", "fields": {"session_data": "e30:1oL3AF:XqOlC02_7jZcCHyV28mIstJUSjxVBEBRoj_7GiRonIY", "expire_date": "2022-08-22T13:51:27.651Z"}}, {"model": "sessions.session", "pk": "d7rxul9zvrdol55ts5imx62400bz5qge", "fields": {"session_data": ".eJxVjDsOgzAQBe-ydWThNQZMmT5nQM9rOyaJQOJTIe4ekGho38y8jQTTQu22P6jDuuRunePU9YFa0nTbPOQbhxOED4b3qGQclqn36lTURWf1GkP8PS_3dpAx56NmYXbQOulCl8lJIYCDY5s8rIQqMZeGDxoR68qbYOpGR-fENLAFQPsfLMQ7YQ:1oNFD2:_-e0Rhlv2c6nb1Tmgzg9KwGwghjCVC4OjxyAspGSDEw", "expire_date": "2022-08-28T15:07:24.625Z"}}, {"model": "sessions.session", "pk": "dn6xj97vllyo6s5p1crbrx7fk1ync3y8", "fields": {"session_data": ".eJxVjEEOgyAUBe_CuiHwEZUuu_cM5PGBYttoIrpqevdq4qLdvpl5b-GxrcVvNS1-jOIqtLj8bgH8TNMB4gPTfZY8T-syBnko8qRVDnNMr9vp_h0U1LLXxEQOWmetdJMdKwYcHNkcYDm2magxtNOE1LXBRNP1OjnHpodVgPh8AeVxOBU:1oK5FE:CzL3fe-XXJRzzbLg__9VKfxKKnGVuCPU_rA14YcbIac", "expire_date": "2022-08-19T21:52:36.349Z"}}, {"model": "sessions.session", "pk": "fi617rs53fzsao7ek1jewcws7ymsltks", "fields": {"session_data": ".eJxVjEEOgjAQAP-yZyEtbQlw9O4byLa7StG0CIUEDH83Tbx4nZnMBxzOCboPHNseDwo7F1scw17w5I9IhczuvWJIPu3QyQtMs3cMHUgh4Dwv0OOahn5deO49Za7gD1p0Tw7Z0IjhEUsXQ5q9LXNS_uxS3iLx6_pr_wYDLkP-Vi1ZXSkhjUJlNZnasZNonFV8V4INk24MszDS1lI0hFQ3rRKGKsNaw_kF1OJN5w:1oMrGz:kvy5REdVM42sEcBSuepgm5OzuuXpVniU_CuLJmko1Us", "expire_date": "2022-08-27T13:33:53.069Z"}}, {"model": "sessions.session", "pk": "ftxe82r80br3msoqdjkz7znyie88w9i2", "fields": {"session_data": ".eJxVjDsOgzAQBe_iOrLwmt9Sps8Z0PPaDiQRlgxUiLsHJIqkfTNvNtVjXYZ-nUPuR686ZdTtd3OQd5hO4F-YnklLmpY8On0q-qKzfiQfPvfL_QsMmIfjTULEMCaawpSRpRCAwVRFh0p8HYlKSwcNCE3trLdNawKz2BZVARxRQV5Ut-37FyUcO2E:1oIpI1:lAcfQXAgMJhegF-9-3sfT60Q6mJimal2sk5SBM-11rc", "expire_date": "2022-08-16T10:38:17.443Z"}}, {"model": "sessions.session", "pk": "jb0ejmhgzzxpow7may9jv3jvuij1ae8s", "fields": {"session_data": "e30:1oL4mZ:_p4YIsAYUt7I98FYyxUxGk3Z8cbsxc1yc4YVdRNP8Ds", "expire_date": "2022-08-22T15:35:07.581Z"}}, {"model": "sessions.session", "pk": "kcvleahzltw4c2bruu8vjoehc9s6fp49", "fields": {"session_data": ".eJxVjDEOgzAMAP_iuYqSOEbA2L1vQE7sFtoqkQhMiL8jJBbWu9NtkHheoN_2Bwy8LuOwVp2HSaAHh3CDkdNP82nky_lTTCp5madozsRctppXEf0_r_Y2GLmO59d3EoNH6wgZYxBqkibHlCLqG62SSmhJ1ZKLjbOtsDRth5bEk4YA-wFP7Ds2:1oNdTA:HRm0eFxiuvl3GqiVDxeOGxJBh2Is9wzdPb-uFQgSTto", "expire_date": "2022-08-29T17:01:40.673Z"}}, {"model": "sessions.session", "pk": "l7qs630dzl4mm4rys6d69ozdesa2352d", "fields": {"session_data": ".eJxVjDEOgzAMAP_iuYqSOEbA2L1vQE7sFtoqkQhMiL8jJBbWu9NtkHheoN_2Bwy8LuOwVp2HSaAHh3CDkdNP82nky_lTTCp5madozsRctppXEf0_r_Y2GLmO59d3EoNH6wgZYxBqkibHlCLqG62SSmhJ1ZKLjbOtsDRth5bEk4YA-wFP7Ds2:1oMrom:OxkwXvwRMyUv3R1iXFdUlN78fmvNCkuJXQE7wCRBeJ4", "expire_date": "2022-08-27T14:08:48.425Z"}}, {"model": "sessions.session", "pk": "ofv1cer1n1i1sljs8vayc3du6towpu60", "fields": {"session_data": ".eJxVjEEOgjAQAP-yZyAtbQly9O4byLa7StW0CsUECH83TbhwnZnMBg7HBN0G62-JK4WFy198hqXkj18jlXV23xlD8mmBThbwGb1j6EAKAfteQI9zGvp54rH3lLmCE7ToXhyyoSeGR6xcDGn0tspJddipukXi9_VoT4MBpyF_6wtZXSshjUJlNZnGsZNonFV8V4INk24NszDSNlK0hNS0FyUM1Ya1hv0P1a5N6A:1oMr4c:8N-TRu6JIXCqM75GyJ3RUboiun0VA_PCHxoy0SwS2Kc", "expire_date": "2022-08-27T13:21:06.165Z"}}, {"model": "sessions.session", "pk": "ok9eu8b9j42dtwx5n73xgaonrnunzaa5", "fields": {"session_data": ".eJxVjDsOgzAQBe-ydWThNQZMmT5nQM9rOyaJQOJTIe4ekGho38y8jQTTQu22P6jDuuRunePU9YFa0nTbPOQbhxOED4b3qGQclqn36lTURWf1GkP8PS_3dpAx56NmYXbQOulCl8lJIYCDY5s8rIQqMZeGDxoR68qbYOpGR-fENLAFQPsfLMQ7YQ:1oNdNZ:yLVvo0ia8dXee2E6LEXvSpiTU1sM99p-R_PK6UGs2bk", "expire_date": "2022-08-29T16:55:53.538Z"}}, {"model": "sessions.session", "pk": "z1huwm49jwnrsf1jny105xv7nmptpnnu", "fields": {"session_data": "e30:1oL39m:O0geOwVA3juemIvk5XwrfJdeUF-o4YR7GK4XQg1yQ9w", "expire_date": "2022-08-22T13:50:58.911Z"}}, {"model": "movies.countries", "pk": 1, "fields": {"name": "USA"}}, {"model": "movies.countries", "pk": 2, "fields": {"name": "UK"}}, {"model": "movies.countries", "pk": 3, "fields": {"name": "Iran"}}, {"model": "movies.countries", "pk": 4, "fields": {"name": "Canada"}}, {"model": "movies.countries", "pk": 5, "fields": {"name": "Russia"}}, {"model": "movies.countries", "pk": 6, "fields": {"name": "Israel"}}, {"model": "movies.actor", "pk": 1, "fields": {"first_name": "Ћиам", "last_name": "Ќиссон", "gender": "M", "slug": "liam-nisson", "birthday": "1952-06-07", "birthplace": 2, "carrier_role": []}}, {"model": "movies.actor", "pk": 2, "fields": {"first_name": "ёэн", "last_name": "ћакгрегор", "gender": "M", "slug": "yuen-makgregor", "birthday": "1971-05-31", "birthplace": 2, "carrier_role": []}}, {"model": "movies.actor", "pk": 3, "fields": {"first_name": "Ќатали", "last_name": "ѕортман", "gender": "F", "slug": "natali-portman", "birthday": "1981-06-09", "birthplace": 6, "carrier_role": []}}, {"model": "movies.actor", "pk": 4, "fields": {"first_name": "ƒэйзи", "last_name": "–идли", "gender": "F", "slug": "dejzi-ridli", "birthday": "1982-05-10", "birthplace": 2, "carrier_role": []}}, {"model": "movies.actor", "pk": 5, "fields": {"first_name": "јдам", "last_name": "ƒрайвер", "gender": "M", "slug": "adam-drajver", "birthday": "1983-11-19", "birthplace": 1, "carrier_role": []}}, {"model": "movies.actor", "pk": 6, "fields": {"first_name": " ерри", "last_name": "‘ишер", "gender": "F", "slug": "kerri-fisher", "birthday": "1956-10-23", "birthplace": 1, "carrier_role": []}}, {"model": "movies.actor", "pk": 7, "fields": {"first_name": "ћарк", "last_name": "’эмилл", "gender": "M", "slug": "mark-hemill", "birthday": "1951-09-25", "birthplace": 1, "carrier_role": []}}, {"model": "movies.actor", "pk": 8, "fields": {"first_name": "’аррисон", "last_name": "‘орд", "gender": "M", "slug": "harrison-ford", "birthday": "1942-07-13", "birthplace": 1, "carrier_role": []}}, {"model": "movies.actor", "pk": 9, "fields": {"first_name": "’ейден", "last_name": " ристенсен", "gender": "M", "slug": "hejden-kristensen", "birthday": "1981-04-19", "birthplace": 4, "carrier_role": []}}, {"model": "movies.composer", "pk": 1, "fields": {"first_name": "ƒжон", "last_name": "”иль€мс", "slug": "dzhon-uilyams", "birthday": "1932-02-08"}}, {"model": "movies.composer", "pk": 2, "fields": {"first_name": "’анс", "last_name": "÷иммер", "slug": "hans-cimmer", "birthday": "1957-09-12"}}, {"model": "movies.director", "pk": 1, "fields": {"first_name": "ƒжей ƒжей", "last_name": "јбрамс", "slug": "dzhej-dzhej-abrams", "birthday": "1966-06-27"}}, {"model": "movies.director", "pk": 2, "fields": {"first_name": "ƒжордж", "last_name": "Ћукас", "slug": "dzhordzh-lukas", "birthday": "1944-05-14"}}, {"model": "movies.director", "pk": 3, "fields": {"first_name": "»рвин", "last_name": " ершнер", "slug": "irvin-kershner", "birthday": "1923-04-29"}}, {"model": "movies.director", "pk": 4, "fields": {"first_name": "–ичард", "last_name": "ћаркуэнд", "slug": "richard-markuend", "birthday": "1937-09-22"}}, {"model": "movies.movie", "pk": 1, "fields": {"name": "«вЄздные войны: Ёпизод 1 Ч —крыта€ угроза", "director": 2, "composer": 1, "rating_rotten_tomatoes": 51, "rating_IMBd": "6.5", "timing": 136, "date": "1999-05-16", "year": 1999, "slug": "zvyozdnye-vojny-epizod-1", "action": -32, "poster": "movies/posters/star_wars_episode_1_poster.jpg", "video_link": "bD7bpG-zDJQ", "price": 100, "actors": [1, 2, 3], "countries": [1]}}, {"model": "movies.movie", "pk": 2, "fields": {"name": "«вЄздные войны: Ёпизод 2 Ч јтака клонов", "director": 2, "composer": 1, "rating_rotten_tomatoes": 56, "rating_IMBd": "6.6", "timing": 142, "date": "2002-05-12", "year": 2002, "slug": "zvyozdnye-vojny-epizod-2", "action": -22, "poster": "movies/posters/star_wars_episode_2_poster.jpg", "video_link": "gYbW1F_c9eM", "price": 100, "actors": [2, 3, 9], "countries": [1]}}, {"model": "movies.movie", "pk": 3, "fields": {"name": "«вЄздные войны: Ёпизод 3 Ч ћесть ситхов", "director": 2, "composer": 1, "rating_rotten_tomatoes": 79, "rating_IMBd": "7.6", "timing": 140, "date": "2005-05-12", "year": 2005, "slug": "zvyozdnye-vojny-epizod-3", "action": -19, "poster": "movies/posters/star_wars_episode_3_poster.jpg", "video_link": "5UnjrG_N8hU", "price": 100, "actors": [2, 3, 9], "countries": []}}, {"model": "movies.movie", "pk": 4, "fields": {"name": "«вЄздные войны: Ёпизод 4 Ч Ќова€ надежда", "director": 2, "composer": 1, "rating_rotten_tomatoes": 93, "rating_IMBd": "8.3", "timing": 121, "date": "1977-08-02", "year": 1977, "slug": "zvyozdnye-vojny-epizod-4", "action": 0, "poster": "movies/posters/star_wars_episode_4_poster.jpg", "video_link": "vZ734NWnAHA", "price": 200, "actors": [6, 7, 8], "countries": [1]}}, {"model": "movies.movie", "pk": 5, "fields": {"name": "«вЄздные войны: Ёпизод 5 Ч »мпери€ наносит ответный удар", "director": 3, "composer": 1, "rating_rotten_tomatoes": 94, "rating_IMBd": "8.7", "timing": 124, "date": "1980-05-17", "year": 1980, "slug": "zvyozdnye-vojny-epizod-5", "action": 3, "poster": "movies/posters/star_wars_episode_5_poster.jpg", "video_link": "JNwNXF9Y6kY", "price": 200, "actors": [6, 7, 8], "countries": [1]}}, {"model": "movies.movie", "pk": 6, "fields": {"name": "«вЄздные войны: Ёпизод 6 Ч ¬озвращение ƒжеда€", "director": 4, "composer": 1, "rating_rotten_tomatoes": 83, "rating_IMBd": "8.3", "timing": 131, "date": "1983-05-23", "year": 1983, "slug": "vyozdnye-vojny-epizod-6", "action": 4, "poster": "movies/posters/star_wars_episode_6_poster.jpg", "video_link": "7L8p7_SLzvU", "price": 200, "actors": [6, 7, 8], "countries": [1]}}, {"model": "movies.movie", "pk": 7, "fields": {"name": "«вЄздные войны: ѕробуждение силы", "director": 1, "composer": 1, "rating_rotten_tomatoes": 93, "rating_IMBd": "7.8", "timing": 138, "date": "2015-12-14", "year": 2015, "slug": "zvyozdnye-vojny-probuzhdenie-sily", "action": 34, "poster": "movies/posters/star_wars_episode_7_poster.jpg", "video_link": "sGbxmsDFVnE", "price": 300, "actors": [4, 5, 6, 7, 8], "countries": [1]}}, {"model": "movies.movie", "pk": 8, "fields": {"name": "«вЄздные войны: ѕоследние джедаи", "director": 1, "composer": 1, "rating_rotten_tomatoes": 91, "rating_IMBd": "7.2", "timing": 151, "date": "2017-12-09", "year": 2017, "slug": "zvyozdnye-vojny-poslednie-dzhedai", "action": 34, "poster": "movies/posters/star_wars_episode_8_poster.jpg", "video_link": "Q0CbN8sfihY", "price": 350, "actors": [4, 5, 6, 7], "countries": [1]}}, {"model": "movies.movie", "pk": 9, "fields": {"name": "«вЄздные войны: —кайуокер. ¬осход", "director": 1, "composer": 1, "rating_rotten_tomatoes": 52, "rating_IMBd": "6.4", "timing": 141, "date": "2019-12-16", "year": 2019, "slug": "zvyozdnye-vojny-skajuoker-voshod", "action": 35, "poster": "movies/posters/star_wars_episode_9_poster.jpg", "video_link": "8Qn_spdM5Zg", "price": 400, "actors": [4, 5], "countries": [1]}}, {"model": "movies.feedback", "pk": 58, "fields": {"movie": 4, "user": 13, "name": "its good", "body": "good", "created": "2022-08-09T19:32:59.659Z", "updated": "2022-08-09T19:32:59.659Z"}}, {"model": "movies.feedback", "pk": 59, "fields": {"movie": 1, "user": 13, "name": "hello", "body": "how are u", "created": "2022-08-10T12:44:25.442Z", "updated": "2022-08-10T12:44:25.442Z"}}, {"model": "movies.comment", "pk": 1, "fields": {"feedback": 58, "user": 13, "name": "rly?\r\nrly?", "body": "what", "created": "2022-08-09T19:33:11.823Z", "updated": "2022-08-09T19:33:11.823Z"}}, {"model": "movies.rating", "pk": 23, "fields": {"user": 1, "movie": 2, "rating": 1}}, {"model": "movies.rating", "pk": 24, "fields": {"user": 1, "movie": 1, "rating": 1}}, {"model": "movies.rating", "pk": 25, "fields": {"user": 1, "movie": 1, "rating": 1}}, {"model": "movies.rating", "pk": 26, "fields": {"user": 13, "movie": 1, "rating": 1}}, {"model": "movies.rating", "pk": 27, "fields": {"user": 13, "movie": 1, "rating": 1}}, {"model": "games.game", "pk": 1, "fields": {"name": "Star Wars: Fallen Order", "price": 1590, "slug": "star-wars-fallen-order"}}, {"model": "games.game", "pk": 2, "fields": {"name": "Star Wars: Knights of the Old Republic", "price": 50, "slug": "star-wars-knights-of-the-old-republic"}}, {"model": "accounts.profile", "pk": 1, "fields": {"user": 1, "profile_pic": "accounts/profile/1644852429_6-fikiwiki-com-p-kartinki-admina-6_dacLtJs.jpg", "vk": "https://vk.com/baradys", "instagram": "https://www.instagram.com/baradys", "country": 5, "city": null, "birthday": null, "email": null, "gender": "M", "first_name": null, "last_name": "Ѕратухин", "slug": "admin"}}, {"model": "accounts.profile", "pk": 9, "fields": {"user": 13, "profile_pic": "accounts/profile/ч_fn9LBY9.png", "vk": "https://vk.com/baradys", "instagram": "https://www.instagram.com/baradys", "country": 5, "city": " иров", "birthday": "1997-02-21", "email": "bym97m@mail.ru", "gender": "M", "first_name": "ћихаил", "last_name": "Ѕратухин", "slug": "baradys"}}, {"model": "accounts.profile", "pk": 10, "fields": {"user": 15, "profile_pic": "accounts/profile/brilliant.png", "vk": null, "instagram": null, "country": null, "city": null, "birthday": null, "email": null, "gender": "M", "first_name": null, "last_name": null, "slug": "katya"}}, {"model": "accounts.chat", "pk": 30, "fields": {"type_of_chat": "D", "members": [1, 13]}}, {"model": "accounts.chat", "pk": 31, "fields": {"type_of_chat": "D", "members": [1]}}, {"model": "accounts.chat", "pk": 33, "fields": {"type_of_chat": "D", "members": [1]}}, {"model": "accounts.chat", "pk": 34, "fields": {"type_of_chat": "D", "members": [1, 15]}}, {"model": "accounts.message", "pk": 23, "fields": {"chat": 30, "author": 13, "message": "hello admin its me", "publication_date": "2022-08-12T16:37:20.921Z", "is_read": true}}, {"model": "accounts.message", "pk": 24, "fields": {"chat": 30, "author": 13, "message": "are u here?", "publication_date": "2022-08-12T16:37:28.696Z", "is_read": true}}, {"model": "accounts.message", "pk": 25, "fields": {"chat": 30, "author": 1, "message": "yeah what do u need?", "publication_date": "2022-08-12T16:38:36.648Z", "is_read": true}}, {"model": "accounts.message", "pk": 26, "fields": {"chat": 30, "author": 13, "message": "nothing", "publication_date": "2022-08-12T16:38:45.845Z", "is_read": true}}, {"model": "accounts.message", "pk": 27, "fields": {"chat": 34, "author": 1, "message": "privet", "publication_date": "2022-08-12T17:12:51.110Z", "is_read": false}}, {"model": "accounts.message", "pk": 28, "fields": {"chat": 34, "author": 1, "message": "hey", "publication_date": "2022-08-13T09:12:43.417Z", "is_read": false}}, {"model": "orders.order", "pk": 22, "fields": {"user": 1, "email": "bym97m@mail.ru", "created": "2022-08-10T17:15:41.346Z", "updated": "2022-08-10T19:05:54.471Z", "paid": false}}, {"model": "orders.order", "pk": 23, "fields": {"user": 1, "email": "bym97m@mail.ru", "created": "2022-08-10T19:14:24.764Z", "updated": "2022-08-10T19:14:24.764Z", "paid": false}}, {"model": "orders.order", "pk": 24, "fields": {"user": 13, "email": "dolininakate28@gmail.com", "created": "2022-08-10T19:15:04.551Z", "updated": "2022-08-10T19:15:04.551Z", "paid": false}}, {"model": "orders.order", "pk": 25, "fields": {"user": 1, "email": "bym97m@mail.ru", "created": "2022-08-11T14:01:38.043Z", "updated": "2022-08-11T14:01:38.043Z", "paid": false}}, {"model": "orders.order", "pk": 26, "fields": {"user": 1, "email": "dolininakate28@gmail.com", "created": "2022-08-12T17:39:03.419Z", "updated": "2022-08-12T17:39:03.419Z", "paid": false}}, {"model": "orders.order", "pk": 27, "fields": {"user": 1, "email": "bym97m@mail.ru", "created": "2022-08-13T09:24:20.751Z", "updated": "2022-08-13T09:24:20.751Z", "paid": false}}, {"model": "orders.order", "pk": 28, "fields": {"user": 13, "email": "bym97m@mail.ru", "created": "2022-08-15T16:34:03.436Z", "updated": "2022-08-15T16:34:03.436Z", "paid": false}}, {"model": "orders.order", "pk": 29, "fields": {"user": 13, "email": "dolininakate28@gmail.com", "created": "2022-08-15T16:34:17.773Z", "updated": "2022-08-15T16:34:17.773Z", "paid": false}}, {"model": "orders.order", "pk": 30, "fields": {"user": 13, "email": "dolininakate28@gmail.com", "created": "2022-08-15T16:34:33.434Z", "updated": "2022-08-15T16:34:33.434Z", "paid": false}}, {"model": "orders.orderitem", "pk": 24, "fields": {"order": 22, "product": "M", "game": null, "movie": 2, "price": "100.00", "quantity": 21}}, {"model": "orders.orderitem", "pk": 25, "fields": {"order": 22, "product": "G", "game": 2, "movie": null, "price": "50.00", "quantity": 1}}, {"model": "orders.orderitem", "pk": 26, "fields": {"order": 23, "product": "M", "game": null, "movie": 8, "price": "350.00", "quantity": 1}}, {"model": "orders.orderitem", "pk": 27, "fields": {"order": 24, "product": "G", "game": 2, "movie": null, "price": "50.00", "quantity": 1}}, {"model": "orders.orderitem", "pk": 28, "fields": {"order": 24, "product": "M", "game": null, "movie": 4, "price": "200.00", "quantity": 1}}, {"model": "orders.orderitem", "pk": 29, "fields": {"order": 25, "product": "M", "game": null, "movie": 9, "price": "400.00", "quantity": 1}}, {"model": "orders.orderitem", "pk": 30, "fields": {"order": 26, "product": "M", "game": null, "movie": 6, "price": "200.00", "quantity": 1}}, {"model": "orders.orderitem", "pk": 31, "fields": {"order": 27, "product": "M", "game": null, "movie": 9, "price": "400.00", "quantity": 1}}, {"model": "orders.orderitem", "pk": 32, "fields": {"order": 28, "product": "M", "game": null, "movie": 1, "price": "100.00", "quantity": 1}}, {"model": "orders.orderitem", "pk": 33, "fields": {"order": 29, "product": "G", "game": 2, "movie": null, "price": "50.00", "quantity": 1}}, {"model": "orders.orderitem", "pk": 34, "fields": {"order": 30, "product": "G", "game": 1, "movie": null, "price": "1590.00", "quantity": 1}}]