[{"model": "admin.logentry", "pk": 1, "fields": {"action_time": "2022-07-28T17:27:37.912Z", "user": 1, "content_type": 7, "object_id": "1", "object_repr": "Movie object (1)", "action_flag": 1, "change_message": "[{\"added\": {}}]"}}, {"model": "admin.logentry", "pk": 2, "fields": {"action_time": "2022-07-28T17:27:47.471Z", "user": 1, "content_type": 7, "object_id": "1", "object_repr": "Movie object (1)", "action_flag": 3, "change_message": ""}}, {"model": "admin.logentry", "pk": 3, "fields": {"action_time": "2022-07-28T17:30:31.300Z", "user": 1, "content_type": 11, "object_id": "1", "object_repr": "Countries object (1)", "action_flag": 1, "change_message": "[{\"added\": {}}]"}}, {"model": "admin.logentry", "pk": 4, "fields": {"action_time": "2022-07-28T17:30:40.433Z", "user": 1, "content_type": 11, "object_id": "2", "object_repr": "Countries object (2)", "action_flag": 1, "change_message": "[{\"added\": {}}]"}}, {"model": "admin.logentry", "pk": 5, "fields": {"action_time": "2022-07-28T17:37:22.116Z", "user": 1, "content_type": 11, "object_id": "1", "object_repr": "Countries object (1)", "action_flag": 2, "change_message": "[]"}}, {"model": "admin.logentry", "pk": 6, "fields": {"action_time": "2022-07-28T17:38:30.104Z", "user": 1, "content_type": 11, "object_id": "3", "object_repr": "Mexico", "action_flag": 1, "change_message": "[{\"added\": {}}]"}}, {"model": "admin.logentry", "pk": 7, "fields": {"action_time": "2022-07-28T17:47:50.522Z", "user": 1, "content_type": 7, "object_id": "1", "object_repr": "Movie object (1)", "action_flag": 1, "change_message": "[{\"added\": {}}]"}}, {"model": "admin.logentry", "pk": 8, "fields": {"action_time": "2022-07-28T17:52:18.047Z", "user": 1, "content_type": 7, "object_id": "1", "object_repr": "Звёздные войны: Скайуокер. Восход.", "action_flag": 2, "change_message": "[{\"changed\": {\"fields\": [\"Date\"]}}]"}}, {"model": "admin.logentry", "pk": 9, "fields": {"action_time": "2022-07-28T18:17:12.289Z", "user": 1, "content_type": 7, "object_id": "1", "object_repr": "Звёздные войны: Скайуокер. Восход.", "action_flag": 2, "change_message": "[{\"changed\": {\"fields\": [\"Year\"]}}]"}}, {"model": "admin.logentry", "pk": 10, "fields": {"action_time": "2022-07-28T18:46:27.744Z", "user": 1, "content_type": 7, "object_id": "1", "object_repr": "Звёздные войны: Скайуокер. Восход.", "action_flag": 2, "change_message": "[{\"changed\": {\"fields\": [\"Slug\"]}}]"}}, {"model": "admin.logentry", "pk": 11, "fields": {"action_time": "2022-07-28T19:02:21.143Z", "user": 1, "content_type": 13, "object_id": "1", "object_repr": "Джей Джей Абрамс", "action_flag": 1, "change_message": "[{\"added\": {}}]"}}, {"model": "admin.logentry", "pk": 12, "fields": {"action_time": "2022-07-28T19:02:55.879Z", "user": 1, "content_type": 13, "object_id": "2", "object_repr": "Джордж Лукас", "action_flag": 1, "change_message": "[{\"added\": {}}]"}}, {"model": "admin.logentry", "pk": 13, "fields": {"action_time": "2022-07-28T19:03:48.979Z", "user": 1, "content_type": 14, "object_id": "1", "object_repr": "Актер Марк Хэмилл", "action_flag": 1, "change_message": "[{\"added\": {}}]"}}, {"model": "admin.logentry", "pk": 14, "fields": {"action_time": "2022-07-28T19:05:29.610Z", "user": 1, "content_type": 14, "object_id": "1", "object_repr": "Актер Марк Хэмилл", "action_flag": 2, "change_message": "[{\"changed\": {\"fields\": [\"Birthday\"]}}]"}}, {"model": "admin.logentry", "pk": 15, "fields": {"action_time": "2022-07-28T19:06:00.450Z", "user": 1, "content_type": 14, "object_id": "2", "object_repr": "Актер Харрисон Форд", "action_flag": 1, "change_message": "[{\"added\": {}}]"}}, {"model": "admin.logentry", "pk": 16, "fields": {"action_time": "2022-07-28T19:06:35.942Z", "user": 1, "content_type": 14, "object_id": "3", "object_repr": "Актриса Дейзи Ридли", "action_flag": 1, "change_message": "[{\"added\": {}}]"}}, {"model": "admin.logentry", "pk": 17, "fields": {"action_time": "2022-07-28T19:06:57.343Z", "user": 1, "content_type": 14, "object_id": "4", "object_repr": "Актер Адам Драйвер", "action_flag": 1, "change_message": "[{\"added\": {}}]"}}, {"model": "admin.logentry", "pk": 18, "fields": {"action_time": "2022-07-28T19:07:52.856Z", "user": 1, "content_type": 12, "object_id": "1", "object_repr": "Джордж Лукас", "action_flag": 1, "change_message": "[{\"added\": {}}]"}}, {"model": "admin.logentry", "pk": 19, "fields": {"action_time": "2022-07-28T19:08:10.946Z", "user": 1, "content_type": 12, "object_id": "2", "object_repr": "Джей Джей Абрамс", "action_flag": 1, "change_message": "[{\"added\": {}}]"}}, {"model": "admin.logentry", "pk": 20, "fields": {"action_time": "2022-07-28T19:08:32.763Z", "user": 1, "content_type": 13, "object_id": "2", "object_repr": "Джон Уильямс", "action_flag": 2, "change_message": "[{\"changed\": {\"fields\": [\"First name\", \"Last name\", \"Birthday\"]}}]"}}, {"model": "admin.logentry", "pk": 21, "fields": {"action_time": "2022-07-28T19:09:42.148Z", "user": 1, "content_type": 13, "object_id": "3", "object_repr": "Ханс Циммер", "action_flag": 1, "change_message": "[{\"added\": {}}]"}}, {"model": "admin.logentry", "pk": 22, "fields": {"action_time": "2022-07-28T19:10:04.735Z", "user": 1, "content_type": 7, "object_id": "1", "object_repr": "Звёздные войны: Скайуокер. Восход.", "action_flag": 2, "change_message": "[{\"changed\": {\"fields\": [\"Director\", \"Composer\"]}}]"}}, {"model": "admin.logentry", "pk": 23, "fields": {"action_time": "2022-07-28T19:10:17.856Z", "user": 1, "content_type": 13, "object_id": "1", "object_repr": "Джей Джей Абрамс", "action_flag": 3, "change_message": ""}}, {"model": "admin.logentry", "pk": 24, "fields": {"action_time": "2022-07-28T19:10:33.731Z", "user": 1, "content_type": 7, "object_id": "1", "object_repr": "Звёздные войны: Скайуокер. Восход.", "action_flag": 2, "change_message": "[{\"changed\": {\"fields\": [\"Actors\"]}}]"}}, {"model": "admin.logentry", "pk": 25, "fields": {"action_time": "2022-07-28T19:10:59.606Z", "user": 1, "content_type": 7, "object_id": "1", "object_repr": "Звёздные войны: Скайуокер. Восход.", "action_flag": 2, "change_message": "[{\"changed\": {\"fields\": [\"Actors\"]}}]"}}, {"model": "admin.logentry", "pk": 26, "fields": {"action_time": "2022-07-28T19:14:04.424Z", "user": 1, "content_type": 7, "object_id": "2", "object_repr": "Звёздные войны: Эпизод 4 – Новая надежда", "action_flag": 1, "change_message": "[{\"added\": {}}]"}}, {"model": "admin.logentry", "pk": 27, "fields": {"action_time": "2022-07-31T18:31:12.746Z", "user": 1, "content_type": 13, "object_id": "2", "object_repr": "Джон Уильямс", "action_flag": 2, "change_message": "[{\"changed\": {\"fields\": [\"Slug\"]}}]"}}, {"model": "admin.logentry", "pk": 28, "fields": {"action_time": "2022-07-31T18:31:20.090Z", "user": 1, "content_type": 13, "object_id": "2", "object_repr": "Джон Уильямс", "action_flag": 2, "change_message": "[{\"changed\": {\"fields\": [\"Slug\"]}}]"}}, {"model": "admin.logentry", "pk": 29, "fields": {"action_time": "2022-07-31T20:32:31.371Z", "user": 1, "content_type": 7, "object_id": "1", "object_repr": "Звёздные войны: Скайуокер. Восход.", "action_flag": 2, "change_message": "[{\"changed\": {\"fields\": [\"Countries\"]}}]"}}, {"model": "admin.logentry", "pk": 30, "fields": {"action_time": "2022-07-31T20:49:17.911Z", "user": 1, "content_type": 12, "object_id": "3", "object_repr": "Ирвин Кершнер", "action_flag": 1, "change_message": "[{\"added\": {}}]"}}, {"model": "admin.logentry", "pk": 31, "fields": {"action_time": "2022-07-31T20:52:31.967Z", "user": 1, "content_type": 7, "object_id": "3", "object_repr": "Звёздные войны: Эпизод 5 — Империя нанос", "action_flag": 1, "change_message": "[{\"added\": {}}]"}}, {"model": "admin.logentry", "pk": 32, "fields": {"action_time": "2022-07-31T20:53:17.479Z", "user": 1, "content_type": 12, "object_id": "4", "object_repr": "Ричард Маркуэнд", "action_flag": 1, "change_message": "[{\"added\": {}}]"}}, {"model": "admin.logentry", "pk": 33, "fields": {"action_time": "2022-07-31T20:54:58.228Z", "user": 1, "content_type": 7, "object_id": "4", "object_repr": "Звёздные войны: Эпизод 6 — Возвращение Д", "action_flag": 1, "change_message": "[{\"added\": {}}]"}}, {"model": "admin.logentry", "pk": 34, "fields": {"action_time": "2022-07-31T20:56:22.015Z", "user": 1, "content_type": 14, "object_id": "5", "object_repr": "Актер Лиам Нисон", "action_flag": 1, "change_message": "[{\"added\": {}}]"}}, {"model": "admin.logentry", "pk": 35, "fields": {"action_time": "2022-07-31T20:56:58.779Z", "user": 1, "content_type": 14, "object_id": "6", "object_repr": "Актер Юэн Макгрегор", "action_flag": 1, "change_message": "[{\"added\": {}}]"}}, {"model": "admin.logentry", "pk": 36, "fields": {"action_time": "2022-07-31T20:57:44.278Z", "user": 1, "content_type": 14, "object_id": "7", "object_repr": "Актриса Натали Портман", "action_flag": 1, "change_message": "[{\"added\": {}}]"}}, {"model": "admin.logentry", "pk": 37, "fields": {"action_time": "2022-07-31T20:58:06.312Z", "user": 1, "content_type": 11, "object_id": "4", "object_repr": "Israel", "action_flag": 1, "change_message": "[{\"added\": {}}]"}}, {"model": "admin.logentry", "pk": 38, "fields": {"action_time": "2022-07-31T20:58:34.121Z", "user": 1, "content_type": 11, "object_id": "5", "object_repr": "UK", "action_flag": 1, "change_message": "[{\"added\": {}}]"}}, {"model": "admin.logentry", "pk": 39, "fields": {"action_time": "2022-07-31T20:58:58.297Z", "user": 1, "content_type": 14, "object_id": "4", "object_repr": "Актер Адам Драйвер", "action_flag": 2, "change_message": "[{\"changed\": {\"fields\": [\"Birthplace\"]}}]"}}, {"model": "admin.logentry", "pk": 40, "fields": {"action_time": "2022-07-31T20:59:23.971Z", "user": 1, "content_type": 14, "object_id": "3", "object_repr": "Актриса Дейзи Ридли", "action_flag": 2, "change_message": "[{\"changed\": {\"fields\": [\"Birthplace\"]}}]"}}, {"model": "admin.logentry", "pk": 41, "fields": {"action_time": "2022-07-31T20:59:29.136Z", "user": 1, "content_type": 14, "object_id": "2", "object_repr": "Актер Харрисон Форд", "action_flag": 2, "change_message": "[{\"changed\": {\"fields\": [\"Birthplace\"]}}]"}}, {"model": "admin.logentry", "pk": 42, "fields": {"action_time": "2022-07-31T21:12:45.324Z", "user": 1, "content_type": 14, "object_id": "7", "object_repr": "Актриса Натали Портман", "action_flag": 2, "change_message": "[{\"changed\": {\"fields\": [\"Birthplace\"]}}]"}}, {"model": "admin.logentry", "pk": 43, "fields": {"action_time": "2022-07-31T21:13:16.227Z", "user": 1, "content_type": 14, "object_id": "6", "object_repr": "Актер Юэн Макгрегор", "action_flag": 2, "change_message": "[{\"changed\": {\"fields\": [\"Birthplace\"]}}]"}}, {"model": "admin.logentry", "pk": 44, "fields": {"action_time": "2022-07-31T21:13:38.544Z", "user": 1, "content_type": 14, "object_id": "5", "object_repr": "Актер Лиам Нисон", "action_flag": 2, "change_message": "[]"}}, {"model": "admin.logentry", "pk": 45, "fields": {"action_time": "2022-07-31T21:13:49.112Z", "user": 1, "content_type": 14, "object_id": "4", "object_repr": "Актер Адам Драйвер", "action_flag": 2, "change_message": "[{\"changed\": {\"fields\": [\"Birthplace\"]}}]"}}, {"model": "admin.logentry", "pk": 46, "fields": {"action_time": "2022-07-31T21:14:14.696Z", "user": 1, "content_type": 14, "object_id": "1", "object_repr": "Актер Марк Хэмилл", "action_flag": 2, "change_message": "[{\"changed\": {\"fields\": [\"Birthplace\"]}}]"}}, {"model": "admin.logentry", "pk": 47, "fields": {"action_time": "2022-07-31T21:14:18.109Z", "user": 1, "content_type": 14, "object_id": "2", "object_repr": "Актер Харрисон Форд", "action_flag": 2, "change_message": "[]"}}, {"model": "admin.logentry", "pk": 48, "fields": {"action_time": "2022-07-31T21:14:29.627Z", "user": 1, "content_type": 14, "object_id": "3", "object_repr": "Актриса Дейзи Ридли", "action_flag": 2, "change_message": "[{\"changed\": {\"fields\": [\"Birthplace\"]}}]"}}, {"model": "admin.logentry", "pk": 49, "fields": {"action_time": "2022-07-31T21:16:59.737Z", "user": 1, "content_type": 7, "object_id": "5", "object_repr": "Звёздные войны: Эпизод 1 — Скрытая угроз", "action_flag": 1, "change_message": "[{\"added\": {}}]"}}, {"model": "admin.logentry", "pk": 50, "fields": {"action_time": "2022-07-31T21:17:35.520Z", "user": 1, "content_type": 7, "object_id": "4", "object_repr": "Звёздные войны: Эпизод 6 — Возвращение", "action_flag": 2, "change_message": "[{\"changed\": {\"fields\": [\"Name\"]}}]"}}, {"model": "admin.logentry", "pk": 51, "fields": {"action_time": "2022-07-31T21:17:42.835Z", "user": 1, "content_type": 7, "object_id": "5", "object_repr": "Звёздные войны: Эпизод 1 — Скрытая угроза", "action_flag": 2, "change_message": "[{\"changed\": {\"fields\": [\"Name\"]}}]"}}, {"model": "admin.logentry", "pk": 52, "fields": {"action_time": "2022-07-31T21:17:55.221Z", "user": 1, "content_type": 7, "object_id": "2", "object_repr": "Звёздные войны: Эпизод 4 – Новая надежда", "action_flag": 2, "change_message": "[{\"changed\": {\"fields\": [\"Slug\"]}}]"}}, {"model": "admin.logentry", "pk": 53, "fields": {"action_time": "2022-07-31T21:18:05.411Z", "user": 1, "content_type": 7, "object_id": "3", "object_repr": "Звёздные войны: Эпизод 5 — Империя наносит ответный удар", "action_flag": 2, "change_message": "[{\"changed\": {\"fields\": [\"Name\"]}}]"}}, {"model": "admin.logentry", "pk": 54, "fields": {"action_time": "2022-07-31T21:18:22.484Z", "user": 1, "content_type": 7, "object_id": "4", "object_repr": "Звёздные войны: Эпизод 6 — Возвращение джедая", "action_flag": 2, "change_message": "[{\"changed\": {\"fields\": [\"Name\", \"Slug\"]}}]"}}, {"model": "admin.logentry", "pk": 55, "fields": {"action_time": "2022-07-31T21:19:40.342Z", "user": 1, "content_type": 14, "object_id": "8", "object_repr": "Актер Хейден Кристенсен", "action_flag": 1, "change_message": "[{\"added\": {}}]"}}, {"model": "admin.logentry", "pk": 56, "fields": {"action_time": "2022-07-31T21:19:47.725Z", "user": 1, "content_type": 11, "object_id": "6", "object_repr": "Canada", "action_flag": 1, "change_message": "[{\"added\": {}}]"}}, {"model": "admin.logentry", "pk": 57, "fields": {"action_time": "2022-07-31T21:19:55.262Z", "user": 1, "content_type": 14, "object_id": "8", "object_repr": "Актер Хейден Кристенсен", "action_flag": 2, "change_message": "[{\"changed\": {\"fields\": [\"Birthplace\"]}}]"}}, {"model": "admin.logentry", "pk": 58, "fields": {"action_time": "2022-07-31T21:21:25.857Z", "user": 1, "content_type": 7, "object_id": "6", "object_repr": "Звёздные войны: Эпизод 2 — Атака клонов", "action_flag": 1, "change_message": "[{\"added\": {}}]"}}, {"model": "admin.logentry", "pk": 59, "fields": {"action_time": "2022-07-31T21:22:48.373Z", "user": 1, "content_type": 7, "object_id": "7", "object_repr": "Звёздные войны: Эпизод 3 — Месть ситхов", "action_flag": 1, "change_message": "[{\"added\": {}}]"}}, {"model": "admin.logentry", "pk": 60, "fields": {"action_time": "2022-07-31T21:24:40.486Z", "user": 1, "content_type": 7, "object_id": "8", "object_repr": "Звёздные войны: Пробуждение силы", "action_flag": 1, "change_message": "[{\"added\": {}}]"}}, {"model": "admin.logentry", "pk": 61, "fields": {"action_time": "2022-07-31T21:26:31.820Z", "user": 1, "content_type": 7, "object_id": "9", "object_repr": "Звёздные войны: Последние джедаи", "action_flag": 1, "change_message": "[{\"added\": {}}]"}}, {"model": "admin.logentry", "pk": 62, "fields": {"action_time": "2022-08-01T16:28:33.745Z", "user": 1, "content_type": 7, "object_id": "5", "object_repr": "Звёздные войны: Эпизод 1 — Скрытая угроза", "action_flag": 2, "change_message": "[{\"changed\": {\"fields\": [\"Time of action\"]}}]"}}, {"model": "admin.logentry", "pk": 63, "fields": {"action_time": "2022-08-01T16:31:51.750Z", "user": 1, "content_type": 7, "object_id": "5", "object_repr": "Звёздные войны: Эпизод 1 — Скрытая угроза", "action_flag": 2, "change_message": "[{\"changed\": {\"fields\": [\"Time of action\"]}}]"}}, {"model": "admin.logentry", "pk": 64, "fields": {"action_time": "2022-08-01T16:33:11.705Z", "user": 1, "content_type": 7, "object_id": "5", "object_repr": "Звёздные войны: Эпизод 1 — Скрытая угроза", "action_flag": 2, "change_message": "[{\"changed\": {\"fields\": [\"Time of action\"]}}]"}}, {"model": "admin.logentry", "pk": 65, "fields": {"action_time": "2022-08-01T16:33:27.633Z", "user": 1, "content_type": 7, "object_id": "5", "object_repr": "Звёздные войны: Эпизод 1 — Скрытая угроза", "action_flag": 2, "change_message": "[{\"changed\": {\"fields\": [\"Time of action\"]}}]"}}, {"model": "admin.logentry", "pk": 66, "fields": {"action_time": "2022-08-01T16:42:02.034Z", "user": 1, "content_type": 7, "object_id": "5", "object_repr": "Звёздные войны: Эпизод 1 — Скрытая угроза", "action_flag": 2, "change_message": "[{\"changed\": {\"fields\": [\"Time of action\"]}}]"}}, {"model": "admin.logentry", "pk": 67, "fields": {"action_time": "2022-08-01T16:42:57.670Z", "user": 1, "content_type": 7, "object_id": "1", "object_repr": "Звёздные войны: Скайуокер. Восход.", "action_flag": 2, "change_message": "[{\"changed\": {\"fields\": [\"Time of action\"]}}]"}}, {"model": "admin.logentry", "pk": 68, "fields": {"action_time": "2022-08-01T16:43:17.185Z", "user": 1, "content_type": 7, "object_id": "5", "object_repr": "Звёздные войны: Эпизод 1 — Скрытая угроза", "action_flag": 2, "change_message": "[{\"changed\": {\"fields\": [\"Timing\"]}}]"}}, {"model": "admin.logentry", "pk": 69, "fields": {"action_time": "2022-08-01T16:43:28.643Z", "user": 1, "content_type": 7, "object_id": "5", "object_repr": "Звёздные войны: Эпизод 1 — Скрытая угроза", "action_flag": 2, "change_message": "[{\"changed\": {\"fields\": [\"Timing\"]}}]"}}, {"model": "admin.logentry", "pk": 70, "fields": {"action_time": "2022-08-01T16:43:33.844Z", "user": 1, "content_type": 7, "object_id": "5", "object_repr": "Звёздные войны: Эпизод 1 — Скрытая угроза", "action_flag": 2, "change_message": "[{\"changed\": {\"fields\": [\"Time of action\"]}}]"}}, {"model": "admin.logentry", "pk": 71, "fields": {"action_time": "2022-08-01T16:53:26.736Z", "user": 1, "content_type": 7, "object_id": "5", "object_repr": "Звёздные войны: Эпизод 1 — Скрытая угроза", "action_flag": 2, "change_message": "[{\"changed\": {\"fields\": [\"Timing\"]}}]"}}, {"model": "admin.logentry", "pk": 72, "fields": {"action_time": "2022-08-01T16:53:31.795Z", "user": 1, "content_type": 7, "object_id": "5", "object_repr": "Звёздные войны: Эпизод 1 — Скрытая угроза", "action_flag": 2, "change_message": "[{\"changed\": {\"fields\": [\"Timing\"]}}]"}}, {"model": "admin.logentry", "pk": 73, "fields": {"action_time": "2022-08-01T16:53:38.240Z", "user": 1, "content_type": 7, "object_id": "6", "object_repr": "Звёздные войны: Эпизод 2 — Атака клонов", "action_flag": 2, "change_message": "[{\"changed\": {\"fields\": [\"Action time\"]}}]"}}, {"model": "admin.logentry", "pk": 74, "fields": {"action_time": "2022-08-01T16:54:57.601Z", "user": 1, "content_type": 7, "object_id": "6", "object_repr": "Звёздные войны: Эпизод 2 — Атака клонов", "action_flag": 2, "change_message": "[{\"changed\": {\"fields\": [\"Yearseeess\"]}}]"}}, {"model": "admin.logentry", "pk": 75, "fields": {"action_time": "2022-08-01T16:55:03.357Z", "user": 1, "content_type": 7, "object_id": "5", "object_repr": "Звёздные войны: Эпизод 1 — Скрытая угроза", "action_flag": 2, "change_message": "[{\"changed\": {\"fields\": [\"Action\"]}}]"}}, {"model": "admin.logentry", "pk": 76, "fields": {"action_time": "2022-08-01T16:55:16.431Z", "user": 1, "content_type": 7, "object_id": "5", "object_repr": "Звёздные войны: Эпизод 1 — Скрытая угроза", "action_flag": 2, "change_message": "[{\"changed\": {\"fields\": [\"Action\"]}}]"}}, {"model": "admin.logentry", "pk": 77, "fields": {"action_time": "2022-08-01T16:55:22.470Z", "user": 1, "content_type": 7, "object_id": "5", "object_repr": "Звёздные войны: Эпизод 1 — Скрытая угроза", "action_flag": 2, "change_message": "[{\"changed\": {\"fields\": [\"Action\"]}}]"}}, {"model": "admin.logentry", "pk": 78, "fields": {"action_time": "2022-08-01T16:55:41.979Z", "user": 1, "content_type": 7, "object_id": "5", "object_repr": "Звёздные войны: Эпизод 1 — Скрытая угроза", "action_flag": 2, "change_message": "[{\"changed\": {\"fields\": [\"Action\"]}}]"}}, {"model": "admin.logentry", "pk": 79, "fields": {"action_time": "2022-08-01T16:56:06.778Z", "user": 1, "content_type": 7, "object_id": "5", "object_repr": "Звёздные войны: Эпизод 1 — Скрытая угроза", "action_flag": 2, "change_message": "[{\"changed\": {\"fields\": [\"Action\"]}}]"}}, {"model": "admin.logentry", "pk": 80, "fields": {"action_time": "2022-08-01T16:56:12.506Z", "user": 1, "content_type": 7, "object_id": "6", "object_repr": "Звёздные войны: Эпизод 2 — Атака клонов", "action_flag": 2, "change_message": "[{\"changed\": {\"fields\": [\"Action\"]}}]"}}, {"model": "admin.logentry", "pk": 81, "fields": {"action_time": "2022-08-01T16:56:21.602Z", "user": 1, "content_type": 7, "object_id": "7", "object_repr": "Звёздные войны: Эпизод 3 — Месть ситхов", "action_flag": 2, "change_message": "[{\"changed\": {\"fields\": [\"Action\"]}}]"}}, {"model": "admin.logentry", "pk": 82, "fields": {"action_time": "2022-08-01T16:57:34.340Z", "user": 1, "content_type": 7, "object_id": "2", "object_repr": "Звёздные войны: Эпизод 4 – Новая надежда", "action_flag": 2, "change_message": "[{\"changed\": {\"fields\": [\"Action\"]}}]"}}, {"model": "admin.logentry", "pk": 83, "fields": {"action_time": "2022-08-01T16:57:47.023Z", "user": 1, "content_type": 7, "object_id": "3", "object_repr": "Звёздные войны: Эпизод 5 — Империя наносит ответный удар", "action_flag": 2, "change_message": "[{\"changed\": {\"fields\": [\"Action\"]}}]"}}, {"model": "admin.logentry", "pk": 84, "fields": {"action_time": "2022-08-01T16:57:52.277Z", "user": 1, "content_type": 7, "object_id": "4", "object_repr": "Звёздные войны: Эпизод 6 — Возвращение джедая", "action_flag": 2, "change_message": "[{\"changed\": {\"fields\": [\"Action\"]}}]"}}, {"model": "admin.logentry", "pk": 85, "fields": {"action_time": "2022-08-01T16:58:41.104Z", "user": 1, "content_type": 7, "object_id": "8", "object_repr": "Звёздные войны: Пробуждение силы", "action_flag": 2, "change_message": "[{\"changed\": {\"fields\": [\"Action\"]}}]"}}, {"model": "admin.logentry", "pk": 86, "fields": {"action_time": "2022-08-01T16:58:47.698Z", "user": 1, "content_type": 7, "object_id": "9", "object_repr": "Звёздные войны: Последние джедаи", "action_flag": 2, "change_message": "[{\"changed\": {\"fields\": [\"Action\"]}}]"}}, {"model": "admin.logentry", "pk": 87, "fields": {"action_time": "2022-08-01T16:58:51.697Z", "user": 1, "content_type": 7, "object_id": "1", "object_repr": "Звёздные войны: Скайуокер. Восход.", "action_flag": 2, "change_message": "[{\"changed\": {\"fields\": [\"Action\"]}}]"}}, {"model": "admin.logentry", "pk": 88, "fields": {"action_time": "2022-08-01T17:11:31.619Z", "user": 1, "content_type": 7, "object_id": "5", "object_repr": "Звёздные войны: Эпизод 1 — Скрытая угроза", "action_flag": 2, "change_message": "[{\"changed\": {\"fields\": [\"Action\"]}}]"}}, {"model": "admin.logentry", "pk": 89, "fields": {"action_time": "2022-08-01T17:11:35.829Z", "user": 1, "content_type": 7, "object_id": "6", "object_repr": "Звёздные войны: Эпизод 2 — Атака клонов", "action_flag": 2, "change_message": "[{\"changed\": {\"fields\": [\"Action\"]}}]"}}, {"model": "admin.logentry", "pk": 90, "fields": {"action_time": "2022-08-01T17:11:39.036Z", "user": 1, "content_type": 7, "object_id": "7", "object_repr": "Звёздные войны: Эпизод 3 — Месть ситхов", "action_flag": 2, "change_message": "[{\"changed\": {\"fields\": [\"Action\"]}}]"}}, {"model": "admin.logentry", "pk": 91, "fields": {"action_time": "2022-08-01T21:13:31.082Z", "user": 1, "content_type": 7, "object_id": "5", "object_repr": "Звёздные войны: Эпизод 1 — Скрытая угроза", "action_flag": 2, "change_message": "[{\"changed\": {\"fields\": [\"Movie poster\"]}}]"}}, {"model": "admin.logentry", "pk": 92, "fields": {"action_time": "2022-08-01T21:29:17.361Z", "user": 1, "content_type": 7, "object_id": "5", "object_repr": "Звёздные войны: Эпизод 1 — Скрытая угроза", "action_flag": 2, "change_message": "[]"}}, {"model": "admin.logentry", "pk": 93, "fields": {"action_time": "2022-08-01T21:47:46.830Z", "user": 1, "content_type": 7, "object_id": "6", "object_repr": "Звёздные войны: Эпизод 2 — Атака клонов", "action_flag": 2, "change_message": "[{\"changed\": {\"fields\": [\"Movie poster\"]}}]"}}, {"model": "admin.logentry", "pk": 94, "fields": {"action_time": "2022-08-01T21:48:00.444Z", "user": 1, "content_type": 7, "object_id": "7", "object_repr": "Звёздные войны: Эпизод 3 — Месть ситхов", "action_flag": 2, "change_message": "[{\"changed\": {\"fields\": [\"Movie poster\"]}}]"}}, {"model": "admin.logentry", "pk": 95, "fields": {"action_time": "2022-08-01T21:48:07.208Z", "user": 1, "content_type": 7, "object_id": "2", "object_repr": "Звёздные войны: Эпизод 4 – Новая надежда", "action_flag": 2, "change_message": "[{\"changed\": {\"fields\": [\"Movie poster\"]}}]"}}, {"model": "admin.logentry", "pk": 96, "fields": {"action_time": "2022-08-01T21:48:15.932Z", "user": 1, "content_type": 7, "object_id": "3", "object_repr": "Звёздные войны: Эпизод 5 — Империя наносит ответный удар", "action_flag": 2, "change_message": "[{\"changed\": {\"fields\": [\"Movie poster\"]}}]"}}, {"model": "admin.logentry", "pk": 97, "fields": {"action_time": "2022-08-01T21:48:22.136Z", "user": 1, "content_type": 7, "object_id": "4", "object_repr": "Звёздные войны: Эпизод 6 — Возвращение джедая", "action_flag": 2, "change_message": "[{\"changed\": {\"fields\": [\"Movie poster\"]}}]"}}, {"model": "admin.logentry", "pk": 98, "fields": {"action_time": "2022-08-01T21:48:27.188Z", "user": 1, "content_type": 7, "object_id": "8", "object_repr": "Звёздные войны: Пробуждение силы", "action_flag": 2, "change_message": "[{\"changed\": {\"fields\": [\"Movie poster\"]}}]"}}, {"model": "admin.logentry", "pk": 99, "fields": {"action_time": "2022-08-01T21:48:33.232Z", "user": 1, "content_type": 7, "object_id": "9", "object_repr": "Звёздные войны: Последние джедаи", "action_flag": 2, "change_message": "[{\"changed\": {\"fields\": [\"Movie poster\"]}}]"}}, {"model": "admin.logentry", "pk": 100, "fields": {"action_time": "2022-08-01T21:48:39.105Z", "user": 1, "content_type": 7, "object_id": "1", "object_repr": "Звёздные войны: Скайуокер. Восход.", "action_flag": 2, "change_message": "[{\"changed\": {\"fields\": [\"Movie poster\"]}}]"}}, {"model": "admin.logentry", "pk": 101, "fields": {"action_time": "2022-08-02T08:48:30.261Z", "user": 1, "content_type": 7, "object_id": "10", "object_repr": "wer", "action_flag": 1, "change_message": "[{\"added\": {}}]"}}, {"model": "admin.logentry", "pk": 102, "fields": {"action_time": "2022-08-02T08:48:56.061Z", "user": 1, "content_type": 7, "object_id": "10", "object_repr": "wer", "action_flag": 3, "change_message": ""}}, {"model": "admin.logentry", "pk": 103, "fields": {"action_time": "2022-08-02T14:10:02.710Z", "user": 1, "content_type": 17, "object_id": "1", "object_repr": "Comment by baradys on Звёздные войны: Эпизод 1 — Скрытая угроза", "action_flag": 1, "change_message": "[{\"added\": {}}]"}}, {"model": "admin.logentry", "pk": 104, "fields": {"action_time": "2022-08-02T14:10:14.011Z", "user": 1, "content_type": 17, "object_id": "1", "object_repr": "Comment by baradys on Звёздные войны: Эпизод 1 — Скрытая угроза", "action_flag": 2, "change_message": "[{\"changed\": {\"fields\": [\"Body\"]}}]"}}, {"model": "admin.logentry", "pk": 105, "fields": {"action_time": "2022-08-02T14:19:53.561Z", "user": 1, "content_type": 18, "object_id": "1", "object_repr": "Comment by admin on Feedback by baradys on Звёздные войны: Эпизод 1 — Скрытая угроза", "action_flag": 1, "change_message": "[{\"added\": {}}]"}}, {"model": "admin.logentry", "pk": 106, "fields": {"action_time": "2022-08-02T14:24:15.698Z", "user": 1, "content_type": 18, "object_id": "1", "object_repr": "Comment by admin on Звёздные войны: Скайуокер. Восход.", "action_flag": 3, "change_message": ""}}, {"model": "admin.logentry", "pk": 107, "fields": {"action_time": "2022-08-02T14:24:45.424Z", "user": 1, "content_type": 17, "object_id": "1", "object_repr": "Feedback by baradys on Звёздные войны: Эпизод 1 — Скрытая угроза", "action_flag": 3, "change_message": ""}}, {"model": "admin.logentry", "pk": 108, "fields": {"action_time": "2022-08-02T14:45:11.481Z", "user": 1, "content_type": 14, "object_id": "1", "object_repr": "Актер Лиам Ниссон", "action_flag": 1, "change_message": "[{\"added\": {}}]"}}, {"model": "admin.logentry", "pk": 109, "fields": {"action_time": "2022-08-02T14:45:22.086Z", "user": 1, "content_type": 11, "object_id": "1", "object_repr": "USA", "action_flag": 1, "change_message": "[{\"added\": {}}]"}}, {"model": "admin.logentry", "pk": 110, "fields": {"action_time": "2022-08-02T14:45:25.301Z", "user": 1, "content_type": 11, "object_id": "2", "object_repr": "UK", "action_flag": 1, "change_message": "[{\"added\": {}}]"}}, {"model": "admin.logentry", "pk": 111, "fields": {"action_time": "2022-08-02T14:45:29.928Z", "user": 1, "content_type": 11, "object_id": "3", "object_repr": "Iran", "action_flag": 1, "change_message": "[{\"added\": {}}]"}}, {"model": "admin.logentry", "pk": 112, "fields": {"action_time": "2022-08-02T14:45:34.828Z", "user": 1, "content_type": 11, "object_id": "4", "object_repr": "Canada", "action_flag": 1, "change_message": "[{\"added\": {}}]"}}, {"model": "admin.logentry", "pk": 113, "fields": {"action_time": "2022-08-02T14:45:42.878Z", "user": 1, "content_type": 11, "object_id": "5", "object_repr": "Russia", "action_flag": 1, "change_message": "[{\"added\": {}}]"}}, {"model": "admin.logentry", "pk": 114, "fields": {"action_time": "2022-08-02T14:46:33.631Z", "user": 1, "content_type": 14, "object_id": "1", "object_repr": "Актер Лиам Ниссон", "action_flag": 2, "change_message": "[{\"changed\": {\"fields\": [\"Birthplace\"]}}]"}}, {"model": "admin.logentry", "pk": 115, "fields": {"action_time": "2022-08-02T14:47:02.649Z", "user": 1, "content_type": 14, "object_id": "2", "object_repr": "Актер Юэн Макгрегор", "action_flag": 1, "change_message": "[{\"added\": {}}]"}}, {"model": "admin.logentry", "pk": 116, "fields": {"action_time": "2022-08-02T14:47:35.329Z", "user": 1, "content_type": 14, "object_id": "3", "object_repr": "Актриса Натали Портман", "action_flag": 1, "change_message": "[{\"added\": {}}]"}}, {"model": "admin.logentry", "pk": 117, "fields": {"action_time": "2022-08-02T14:47:43.925Z", "user": 1, "content_type": 11, "object_id": "6", "object_repr": "Israel", "action_flag": 1, "change_message": "[{\"added\": {}}]"}}, {"model": "admin.logentry", "pk": 118, "fields": {"action_time": "2022-08-02T14:48:28.953Z", "user": 1, "content_type": 14, "object_id": "3", "object_repr": "Актриса Натали Портман", "action_flag": 2, "change_message": "[{\"changed\": {\"fields\": [\"Birthplace\"]}}]"}}, {"model": "admin.logentry", "pk": 119, "fields": {"action_time": "2022-08-02T14:49:17.723Z", "user": 1, "content_type": 14, "object_id": "4", "object_repr": "Актриса Дэйзи Ридли", "action_flag": 1, "change_message": "[{\"added\": {}}]"}}, {"model": "admin.logentry", "pk": 120, "fields": {"action_time": "2022-08-02T14:49:44.870Z", "user": 1, "content_type": 14, "object_id": "5", "object_repr": "Актер Адам Драйвер", "action_flag": 1, "change_message": "[{\"added\": {}}]"}}, {"model": "admin.logentry", "pk": 121, "fields": {"action_time": "2022-08-02T14:50:28.728Z", "user": 1, "content_type": 14, "object_id": "6", "object_repr": "Актриса Керри Фишер", "action_flag": 1, "change_message": "[{\"added\": {}}]"}}, {"model": "admin.logentry", "pk": 122, "fields": {"action_time": "2022-08-02T14:50:52.796Z", "user": 1, "content_type": 14, "object_id": "7", "object_repr": "Актер Марк Хэмилл", "action_flag": 1, "change_message": "[{\"added\": {}}]"}}, {"model": "admin.logentry", "pk": 123, "fields": {"action_time": "2022-08-02T14:51:22.157Z", "user": 1, "content_type": 14, "object_id": "8", "object_repr": "Актер Харрисон Форд", "action_flag": 1, "change_message": "[{\"added\": {}}]"}}, {"model": "admin.logentry", "pk": 124, "fields": {"action_time": "2022-08-02T14:52:17.590Z", "user": 1, "content_type": 12, "object_id": "1", "object_repr": "Джей Джей Абрамс", "action_flag": 1, "change_message": "[{\"added\": {}}]"}}, {"model": "admin.logentry", "pk": 125, "fields": {"action_time": "2022-08-02T14:52:44.464Z", "user": 1, "content_type": 12, "object_id": "2", "object_repr": "Джордж Лукас", "action_flag": 1, "change_message": "[{\"added\": {}}]"}}, {"model": "admin.logentry", "pk": 126, "fields": {"action_time": "2022-08-02T14:53:28.859Z", "user": 1, "content_type": 12, "object_id": "3", "object_repr": "Ирвин Кершнер", "action_flag": 1, "change_message": "[{\"added\": {}}]"}}, {"model": "admin.logentry", "pk": 127, "fields": {"action_time": "2022-08-02T14:54:06.308Z", "user": 1, "content_type": 12, "object_id": "4", "object_repr": "Ричард Маркуэнд", "action_flag": 1, "change_message": "[{\"added\": {}}]"}}, {"model": "admin.logentry", "pk": 128, "fields": {"action_time": "2022-08-02T14:54:43.534Z", "user": 1, "content_type": 13, "object_id": "1", "object_repr": "Джон Уильямс", "action_flag": 1, "change_message": "[{\"added\": {}}]"}}, {"model": "admin.logentry", "pk": 129, "fields": {"action_time": "2022-08-02T14:55:02.728Z", "user": 1, "content_type": 13, "object_id": "2", "object_repr": "Ханс Циммер", "action_flag": 1, "change_message": "[{\"added\": {}}]"}}, {"model": "admin.logentry", "pk": 130, "fields": {"action_time": "2022-08-02T14:55:48.498Z", "user": 1, "content_type": 14, "object_id": "9", "object_repr": "Актер Хейден Кристенсен", "action_flag": 1, "change_message": "[{\"added\": {}}]"}}, {"model": "admin.logentry", "pk": 131, "fields": {"action_time": "2022-08-02T14:58:47.103Z", "user": 1, "content_type": 7, "object_id": "1", "object_repr": "Звёздные войны: Эпизод 1 — Скрытая угроза", "action_flag": 1, "change_message": "[{\"added\": {}}]"}}, {"model": "admin.logentry", "pk": 132, "fields": {"action_time": "2022-08-02T15:00:50.965Z", "user": 1, "content_type": 7, "object_id": "2", "object_repr": "Звёздные войны: Эпизод 2 — Атака клонов", "action_flag": 1, "change_message": "[{\"added\": {}}]"}}, {"model": "admin.logentry", "pk": 133, "fields": {"action_time": "2022-08-02T15:02:23.376Z", "user": 1, "content_type": 7, "object_id": "3", "object_repr": "Звёздные войны: Эпизод 3 — Месть ситхов", "action_flag": 1, "change_message": "[{\"added\": {}}]"}}, {"model": "admin.logentry", "pk": 134, "fields": {"action_time": "2022-08-02T15:02:29.137Z", "user": 1, "content_type": 7, "object_id": "2", "object_repr": "Звёздные войны: Эпизод 2 — Атака клонов", "action_flag": 2, "change_message": "[{\"changed\": {\"fields\": [\"Movie poster\"]}}]"}}, {"model": "admin.logentry", "pk": 135, "fields": {"action_time": "2022-08-02T15:04:17.760Z", "user": 1, "content_type": 7, "object_id": "4", "object_repr": "Звёздные войны: Эпизод 4 — Новая надежда", "action_flag": 1, "change_message": "[{\"added\": {}}]"}}, {"model": "admin.logentry", "pk": 136, "fields": {"action_time": "2022-08-02T15:06:31.429Z", "user": 1, "content_type": 7, "object_id": "5", "object_repr": "Звёздные войны: Эпизод 5 — Империя наносит ответный удар", "action_flag": 1, "change_message": "[{\"added\": {}}]"}}, {"model": "admin.logentry", "pk": 137, "fields": {"action_time": "2022-08-02T15:07:49.997Z", "user": 1, "content_type": 7, "object_id": "6", "object_repr": "вёздные войны: Эпизод 6 — Возвращение Джедая", "action_flag": 1, "change_message": "[{\"added\": {}}]"}}, {"model": "admin.logentry", "pk": 138, "fields": {"action_time": "2022-08-02T15:09:47.952Z", "user": 1, "content_type": 7, "object_id": "7", "object_repr": "Звёздные войны: Пробуждение силы", "action_flag": 1, "change_message": "[{\"added\": {}}]"}}, {"model": "admin.logentry", "pk": 139, "fields": {"action_time": "2022-08-02T15:11:20.855Z", "user": 1, "content_type": 7, "object_id": "8", "object_repr": "Звёздные войны: Последние джедаи", "action_flag": 1, "change_message": "[{\"added\": {}}]"}}, {"model": "admin.logentry", "pk": 140, "fields": {"action_time": "2022-08-02T15:12:58.209Z", "user": 1, "content_type": 7, "object_id": "9", "object_repr": "Звёздные войны: Скайуокер. Восход", "action_flag": 1, "change_message": "[{\"added\": {}}]"}}, {"model": "admin.logentry", "pk": 141, "fields": {"action_time": "2022-08-02T15:21:18.760Z", "user": 1, "content_type": 7, "object_id": "1", "object_repr": "Звёздные войны: Эпизод 1 — Скрытая угроза", "action_flag": 2, "change_message": "[{\"changed\": {\"fields\": [\"Movie poster\"]}}]"}}, {"model": "admin.logentry", "pk": 142, "fields": {"action_time": "2022-08-02T15:21:25.363Z", "user": 1, "content_type": 7, "object_id": "2", "object_repr": "Звёздные войны: Эпизод 2 — Атака клонов", "action_flag": 2, "change_message": "[{\"changed\": {\"fields\": [\"Slug\", \"Movie poster\"]}}]"}}, {"model": "admin.logentry", "pk": 143, "fields": {"action_time": "2022-08-02T15:21:31.891Z", "user": 1, "content_type": 7, "object_id": "3", "object_repr": "Звёздные войны: Эпизод 3 — Месть ситхов", "action_flag": 2, "change_message": "[{\"changed\": {\"fields\": [\"Slug\", \"Movie poster\"]}}]"}}, {"model": "admin.logentry", "pk": 144, "fields": {"action_time": "2022-08-02T15:21:38.055Z", "user": 1, "content_type": 7, "object_id": "4", "object_repr": "Звёздные войны: Эпизод 4 — Новая надежда", "action_flag": 2, "change_message": "[{\"changed\": {\"fields\": [\"Slug\", \"Movie poster\"]}}]"}}, {"model": "admin.logentry", "pk": 145, "fields": {"action_time": "2022-08-02T15:21:43.063Z", "user": 1, "content_type": 7, "object_id": "5", "object_repr": "Звёздные войны: Эпизод 5 — Империя наносит ответный удар", "action_flag": 2, "change_message": "[{\"changed\": {\"fields\": [\"Movie poster\"]}}]"}}, {"model": "admin.logentry", "pk": 146, "fields": {"action_time": "2022-08-02T15:21:47.975Z", "user": 1, "content_type": 7, "object_id": "6", "object_repr": "вёздные войны: Эпизод 6 — Возвращение Джедая", "action_flag": 2, "change_message": "[{\"changed\": {\"fields\": [\"Movie poster\"]}}]"}}, {"model": "admin.logentry", "pk": 147, "fields": {"action_time": "2022-08-02T15:21:52.618Z", "user": 1, "content_type": 7, "object_id": "7", "object_repr": "Звёздные войны: Пробуждение силы", "action_flag": 2, "change_message": "[{\"changed\": {\"fields\": [\"Movie poster\"]}}]"}}, {"model": "admin.logentry", "pk": 148, "fields": {"action_time": "2022-08-02T15:21:56.817Z", "user": 1, "content_type": 7, "object_id": "8", "object_repr": "Звёздные войны: Последние джедаи", "action_flag": 2, "change_message": "[{\"changed\": {\"fields\": [\"Movie poster\"]}}]"}}, {"model": "admin.logentry", "pk": 149, "fields": {"action_time": "2022-08-02T15:22:01.000Z", "user": 1, "content_type": 7, "object_id": "9", "object_repr": "Звёздные войны: Скайуокер. Восход", "action_flag": 2, "change_message": "[{\"changed\": {\"fields\": [\"Movie poster\"]}}]"}}, {"model": "admin.logentry", "pk": 150, "fields": {"action_time": "2022-08-02T15:24:08.440Z", "user": 1, "content_type": 17, "object_id": "1", "object_repr": "Feedback by baradys on Звёздные войны: Эпизод 1 — Скрытая угроза", "action_flag": 1, "change_message": "[{\"added\": {}}]"}}, {"model": "admin.logentry", "pk": 151, "fields": {"action_time": "2022-08-02T15:24:39.396Z", "user": 1, "content_type": 18, "object_id": "1", "object_repr": "Comment by admin on Feedback by baradys on Звёздные войны: Эпизод 1 — Скрытая угроза", "action_flag": 1, "change_message": "[{\"added\": {}}]"}}, {"model": "admin.logentry", "pk": 152, "fields": {"action_time": "2022-08-02T15:24:59.406Z", "user": 1, "content_type": 17, "object_id": "1", "object_repr": "Feedback by baradys on Звёздные войны: Эпизод 1 — Скрытая угроза", "action_flag": 3, "change_message": ""}}, {"model": "admin.logentry", "pk": 153, "fields": {"action_time": "2022-08-02T16:08:09.969Z", "user": 1, "content_type": 17, "object_id": "2", "object_repr": "Feedback by baradys on Звёздные войны: Эпизод 1 — Скрытая угроза: 1st feedback", "action_flag": 1, "change_message": "[{\"added\": {}}]"}}, {"model": "admin.logentry", "pk": 154, "fields": {"action_time": "2022-08-02T16:08:24.420Z", "user": 1, "content_type": 17, "object_id": "3", "object_repr": "Feedback by admin on Звёздные войны: Эпизод 1 — Скрытая угроза: 2d feedback", "action_flag": 1, "change_message": "[{\"added\": {}}]"}}, {"model": "admin.logentry", "pk": 155, "fields": {"action_time": "2022-08-02T16:09:29.877Z", "user": 1, "content_type": 17, "object_id": "2", "object_repr": "Отзыв пользователя baradys на фильм Звёздные войны: Эпизод 1 — Скрытая угроза: 1st feedasdfadsfasdfasdfsadfasdfsadfsafsafsdafasdfsdf", "action_flag": 2, "change_message": "[{\"changed\": {\"fields\": [\"Name\"]}}]"}}, {"model": "admin.logentry", "pk": 156, "fields": {"action_time": "2022-08-02T16:09:53.530Z", "user": 1, "content_type": 18, "object_id": "2", "object_repr": "Comment by baradys on Отзыв пользователя baradys на фильм Звёздные войны: Эпизод 1 — Скрытая угроза: 1st feedasdfadsfasdfasdfsadfasdfsadfsafsafsdafasdfsdf: 1st comment", "action_flag": 1, "change_message": "[{\"added\": {}}]"}}, {"model": "admin.logentry", "pk": 157, "fields": {"action_time": "2022-08-05T14:44:28.668Z", "user": 1, "content_type": 7, "object_id": "6", "object_repr": "Звёздные войны: Эпизод 6 — Возвращение Джедая", "action_flag": 2, "change_message": "[{\"changed\": {\"fields\": [\"Name\"]}}]"}}, {"model": "admin.logentry", "pk": 158, "fields": {"action_time": "2022-08-05T16:06:10.911Z", "user": 1, "content_type": 17, "object_id": "2", "object_repr": "Отзыв пользователя baradys на фильм Звёздные войны: Эпизод 1 — Скрытая угроза: 1st feedasdfadsfasdfasdfsadfasdfsadfsafsafsdafasdfsdf", "action_flag": 3, "change_message": ""}}, {"model": "admin.logentry", "pk": 159, "fields": {"action_time": "2022-08-08T11:22:32.484Z", "user": 1, "content_type": 7, "object_id": "2", "object_repr": "Звёздные войны: Эпизод 2 — Атака клонов", "action_flag": 2, "change_message": "[{\"changed\": {\"fields\": [\"Video ling\"]}}]"}}, {"model": "admin.logentry", "pk": 160, "fields": {"action_time": "2022-08-08T11:22:46.463Z", "user": 1, "content_type": 7, "object_id": "1", "object_repr": "Звёздные войны: Эпизод 1 — Скрытая угроза", "action_flag": 2, "change_message": "[{\"changed\": {\"fields\": [\"Video ling\"]}}]"}}, {"model": "admin.logentry", "pk": 161, "fields": {"action_time": "2022-08-08T11:23:41.767Z", "user": 1, "content_type": 7, "object_id": "3", "object_repr": "Звёздные войны: Эпизод 3 — Месть ситхов", "action_flag": 2, "change_message": "[{\"changed\": {\"fields\": [\"Video ling\"]}}]"}}, {"model": "admin.logentry", "pk": 162, "fields": {"action_time": "2022-08-08T11:23:58.071Z", "user": 1, "content_type": 7, "object_id": "4", "object_repr": "Звёздные войны: Эпизод 4 — Новая надежда", "action_flag": 2, "change_message": "[{\"changed\": {\"fields\": [\"Video ling\"]}}]"}}, {"model": "admin.logentry", "pk": 163, "fields": {"action_time": "2022-08-08T11:24:15.155Z", "user": 1, "content_type": 7, "object_id": "5", "object_repr": "Звёздные войны: Эпизод 5 — Империя наносит ответный удар", "action_flag": 2, "change_message": "[{\"changed\": {\"fields\": [\"Video ling\"]}}]"}}, {"model": "admin.logentry", "pk": 164, "fields": {"action_time": "2022-08-08T11:24:38.639Z", "user": 1, "content_type": 7, "object_id": "6", "object_repr": "Звёздные войны: Эпизод 6 — Возвращение Джедая", "action_flag": 2, "change_message": "[{\"changed\": {\"fields\": [\"Video ling\"]}}]"}}, {"model": "admin.logentry", "pk": 165, "fields": {"action_time": "2022-08-08T11:25:14.726Z", "user": 1, "content_type": 7, "object_id": "7", "object_repr": "Звёздные войны: Пробуждение силы", "action_flag": 2, "change_message": "[{\"changed\": {\"fields\": [\"Video ling\"]}}]"}}, {"model": "admin.logentry", "pk": 166, "fields": {"action_time": "2022-08-08T11:25:47.405Z", "user": 1, "content_type": 7, "object_id": "8", "object_repr": "Звёздные войны: Последние джедаи", "action_flag": 2, "change_message": "[{\"changed\": {\"fields\": [\"Video ling\"]}}]"}}, {"model": "admin.logentry", "pk": 167, "fields": {"action_time": "2022-08-08T11:25:53.223Z", "user": 1, "content_type": 7, "object_id": "9", "object_repr": "Звёздные войны: Скайуокер. Восход", "action_flag": 2, "change_message": "[{\"changed\": {\"fields\": [\"Video ling\"]}}]"}}, {"model": "admin.logentry", "pk": 168, "fields": {"action_time": "2022-08-08T12:26:35.907Z", "user": 1, "content_type": 20, "object_id": "1", "object_repr": "baradys", "action_flag": 1, "change_message": "[{\"added\": {}}]"}}, {"model": "admin.logentry", "pk": 169, "fields": {"action_time": "2022-08-08T12:32:41.178Z", "user": 1, "content_type": 20, "object_id": "1", "object_repr": "baradys", "action_flag": 3, "change_message": ""}}, {"model": "admin.logentry", "pk": 170, "fields": {"action_time": "2022-08-08T13:53:32.066Z", "user": 1, "content_type": 20, "object_id": "4", "object_repr": "baradys", "action_flag": 1, "change_message": "[{\"added\": {}}]"}}, {"model": "admin.logentry", "pk": 171, "fields": {"action_time": "2022-08-08T13:53:37.181Z", "user": 1, "content_type": 20, "object_id": "5", "object_repr": "baradysm", "action_flag": 1, "change_message": "[{\"added\": {}}]"}}, {"model": "admin.logentry", "pk": 172, "fields": {"action_time": "2022-08-08T14:16:08.211Z", "user": 1, "content_type": 20, "object_id": "2", "object_repr": "barmadyms", "action_flag": 3, "change_message": ""}}, {"model": "admin.logentry", "pk": 173, "fields": {"action_time": "2022-08-08T14:46:10.672Z", "user": 1, "content_type": 20, "object_id": "3", "object_repr": "admin", "action_flag": 2, "change_message": "[{\"changed\": {\"fields\": [\"Vk\", \"Instagram\"]}}]"}}, {"model": "admin.logentry", "pk": 174, "fields": {"action_time": "2022-08-08T15:36:36.247Z", "user": 1, "content_type": 20, "object_id": "7", "object_repr": "baradys", "action_flag": 1, "change_message": "[{\"added\": {}}]"}}, {"model": "admin.logentry", "pk": 175, "fields": {"action_time": "2022-08-08T15:36:39.952Z", "user": 1, "content_type": 20, "object_id": "1", "object_repr": "admin", "action_flag": 2, "change_message": "[]"}}, {"model": "admin.logentry", "pk": 176, "fields": {"action_time": "2022-08-09T09:42:36.860Z", "user": 1, "content_type": 20, "object_id": "9", "object_repr": "baradys", "action_flag": 2, "change_message": "[{\"changed\": {\"fields\": [\"Profile pic\", \"Country\", \"City\", \"Birthday\", \"Email\"]}}]"}}, {"model": "admin.logentry", "pk": 177, "fields": {"action_time": "2022-08-09T10:11:43.504Z", "user": 1, "content_type": 20, "object_id": "9", "object_repr": "baradys", "action_flag": 2, "change_message": "[{\"changed\": {\"fields\": [\"First name\", \"Last name\"]}}]"}}, {"model": "admin.logentry", "pk": 178, "fields": {"action_time": "2022-08-09T11:26:45.509Z", "user": 1, "content_type": 7, "object_id": "1", "object_repr": "Звёздные войны: Эпизод 1 — Скрытая угроза", "action_flag": 2, "change_message": "[{\"changed\": {\"fields\": [\"Price\"]}}]"}}, {"model": "admin.logentry", "pk": 179, "fields": {"action_time": "2022-08-09T11:26:51.579Z", "user": 1, "content_type": 7, "object_id": "2", "object_repr": "Звёздные войны: Эпизод 2 — Атака клонов", "action_flag": 2, "change_message": "[{\"changed\": {\"fields\": [\"Price\"]}}]"}}, {"model": "admin.logentry", "pk": 180, "fields": {"action_time": "2022-08-09T11:26:56.136Z", "user": 1, "content_type": 7, "object_id": "3", "object_repr": "Звёздные войны: Эпизод 3 — Месть ситхов", "action_flag": 2, "change_message": "[{\"changed\": {\"fields\": [\"Price\"]}}]"}}, {"model": "admin.logentry", "pk": 181, "fields": {"action_time": "2022-08-09T11:27:04.649Z", "user": 1, "content_type": 7, "object_id": "4", "object_repr": "Звёздные войны: Эпизод 4 — Новая надежда", "action_flag": 2, "change_message": "[{\"changed\": {\"fields\": [\"Price\"]}}]"}}, {"model": "admin.logentry", "pk": 182, "fields": {"action_time": "2022-08-09T11:27:10.315Z", "user": 1, "content_type": 7, "object_id": "5", "object_repr": "Звёздные войны: Эпизод 5 — Империя наносит ответный удар", "action_flag": 2, "change_message": "[{\"changed\": {\"fields\": [\"Price\"]}}]"}}, {"model": "admin.logentry", "pk": 183, "fields": {"action_time": "2022-08-09T11:27:15.444Z", "user": 1, "content_type": 7, "object_id": "6", "object_repr": "Звёздные войны: Эпизод 6 — Возвращение Джедая", "action_flag": 2, "change_message": "[{\"changed\": {\"fields\": [\"Price\"]}}]"}}, {"model": "admin.logentry", "pk": 184, "fields": {"action_time": "2022-08-09T11:27:20.312Z", "user": 1, "content_type": 7, "object_id": "7", "object_repr": "Звёздные войны: Пробуждение силы", "action_flag": 2, "change_message": "[{\"changed\": {\"fields\": [\"Price\"]}}]"}}, {"model": "admin.logentry", "pk": 185, "fields": {"action_time": "2022-08-09T11:27:25.458Z", "user": 1, "content_type": 7, "object_id": "8", "object_repr": "Звёздные войны: Последние джедаи", "action_flag": 2, "change_message": "[{\"changed\": {\"fields\": [\"Price\"]}}]"}}, {"model": "admin.logentry", "pk": 186, "fields": {"action_time": "2022-08-09T11:27:31.149Z", "user": 1, "content_type": 7, "object_id": "9", "object_repr": "Звёздные войны: Скайуокер. Восход", "action_flag": 2, "change_message": "[{\"changed\": {\"fields\": [\"Price\"]}}]"}}, {"model": "admin.logentry", "pk": 187, "fields": {"action_time": "2022-08-09T13:06:31.057Z", "user": 1, "content_type": 8, "object_id": "1", "object_repr": "Star Wars: Fallen Order", "action_flag": 1, "change_message": "[{\"added\": {}}]"}}, {"model": "admin.logentry", "pk": 188, "fields": {"action_time": "2022-08-09T13:06:55.292Z", "user": 1, "content_type": 8, "object_id": "2", "object_repr": "Star Wars: Knights of the Old Republic", "action_flag": 1, "change_message": "[{\"added\": {}}]"}}, {"model": "admin.logentry", "pk": 189, "fields": {"action_time": "2022-08-10T16:26:34.886Z", "user": 1, "content_type": 21, "object_id": "21", "object_repr": "Order 21", "action_flag": 3, "change_message": ""}}, {"model": "admin.logentry", "pk": 190, "fields": {"action_time": "2022-08-10T16:26:34.973Z", "user": 1, "content_type": 21, "object_id": "20", "object_repr": "Order 20", "action_flag": 3, "change_message": ""}}, {"model": "admin.logentry", "pk": 191, "fields": {"action_time": "2022-08-10T16:26:35.037Z", "user": 1, "content_type": 21, "object_id": "19", "object_repr": "Order 19", "action_flag": 3, "change_message": ""}}, {"model": "admin.logentry", "pk": 192, "fields": {"action_time": "2022-08-10T16:26:35.100Z", "user": 1, "content_type": 21, "object_id": "18", "object_repr": "Order 18", "action_flag": 3, "change_message": ""}}, {"model": "admin.logentry", "pk": 193, "fields": {"action_time": "2022-08-10T16:26:35.163Z", "user": 1, "content_type": 21, "object_id": "17", "object_repr": "Order 17", "action_flag": 3, "change_message": ""}}, {"model": "admin.logentry", "pk": 194, "fields": {"action_time": "2022-08-10T16:26:35.227Z", "user": 1, "content_type": 21, "object_id": "16", "object_repr": "Order 16", "action_flag": 3, "change_message": ""}}, {"model": "admin.logentry", "pk": 195, "fields": {"action_time": "2022-08-10T16:26:35.290Z", "user": 1, "content_type": 21, "object_id": "15", "object_repr": "Order 15", "action_flag": 3, "change_message": ""}}, {"model": "admin.logentry", "pk": 196, "fields": {"action_time": "2022-08-10T16:26:35.363Z", "user": 1, "content_type": 21, "object_id": "14", "object_repr": "Order 14", "action_flag": 3, "change_message": ""}}, {"model": "admin.logentry", "pk": 197, "fields": {"action_time": "2022-08-10T16:26:35.427Z", "user": 1, "content_type": 21, "object_id": "13", "object_repr": "Order 13", "action_flag": 3, "change_message": ""}}, {"model": "admin.logentry", "pk": 198, "fields": {"action_time": "2022-08-10T16:26:35.490Z", "user": 1, "content_type": 21, "object_id": "12", "object_repr": "Order 12", "action_flag": 3, "change_message": ""}}, {"model": "admin.logentry", "pk": 199, "fields": {"action_time": "2022-08-10T16:26:35.553Z", "user": 1, "content_type": 21, "object_id": "11", "object_repr": "Order 11", "action_flag": 3, "change_message": ""}}, {"model": "admin.logentry", "pk": 200, "fields": {"action_time": "2022-08-10T16:26:35.617Z", "user": 1, "content_type": 21, "object_id": "10", "object_repr": "Order 10", "action_flag": 3, "change_message": ""}}, {"model": "admin.logentry", "pk": 201, "fields": {"action_time": "2022-08-10T16:26:35.690Z", "user": 1, "content_type": 21, "object_id": "9", "object_repr": "Order 9", "action_flag": 3, "change_message": ""}}, {"model": "admin.logentry", "pk": 202, "fields": {"action_time": "2022-08-10T16:26:35.753Z", "user": 1, "content_type": 21, "object_id": "8", "object_repr": "Order 8", "action_flag": 3, "change_message": ""}}, {"model": "admin.logentry", "pk": 203, "fields": {"action_time": "2022-08-10T16:26:35.816Z", "user": 1, "content_type": 21, "object_id": "7", "object_repr": "Order 7", "action_flag": 3, "change_message": ""}}, {"model": "admin.logentry", "pk": 204, "fields": {"action_time": "2022-08-10T16:26:35.891Z", "user": 1, "content_type": 21, "object_id": "6", "object_repr": "Order 6", "action_flag": 3, "change_message": ""}}, {"model": "admin.logentry", "pk": 205, "fields": {"action_time": "2022-08-10T16:26:35.954Z", "user": 1, "content_type": 21, "object_id": "5", "object_repr": "Order 5", "action_flag": 3, "change_message": ""}}, {"model": "admin.logentry", "pk": 206, "fields": {"action_time": "2022-08-10T16:26:36.017Z", "user": 1, "content_type": 21, "object_id": "4", "object_repr": "Order 4", "action_flag": 3, "change_message": ""}}, {"model": "admin.logentry", "pk": 207, "fields": {"action_time": "2022-08-10T16:26:36.091Z", "user": 1, "content_type": 21, "object_id": "3", "object_repr": "Order 3", "action_flag": 3, "change_message": ""}}, {"model": "admin.logentry", "pk": 208, "fields": {"action_time": "2022-08-10T16:26:36.153Z", "user": 1, "content_type": 21, "object_id": "2", "object_repr": "Order 2", "action_flag": 3, "change_message": ""}}, {"model": "admin.logentry", "pk": 209, "fields": {"action_time": "2022-08-10T16:26:36.227Z", "user": 1, "content_type": 21, "object_id": "1", "object_repr": "Order 1", "action_flag": 3, "change_message": ""}}, {"model": "admin.logentry", "pk": 210, "fields": {"action_time": "2022-08-10T17:07:21.825Z", "user": 1, "content_type": 8, "object_id": "2", "object_repr": "Star Wars: Knights of the Old Republic", "action_flag": 2, "change_message": "[{\"changed\": {\"fields\": [\"Price\"]}}]"}}, {"model": "admin.logentry", "pk": 211, "fields": {"action_time": "2022-08-10T17:07:25.842Z", "user": 1, "content_type": 8, "object_id": "2", "object_repr": "Star Wars: Knights of the Old Republic", "action_flag": 2, "change_message": "[{\"changed\": {\"fields\": [\"Price\"]}}]"}}, {"model": "admin.logentry", "pk": 212, "fields": {"action_time": "2022-08-10T17:07:46.002Z", "user": 1, "content_type": 8, "object_id": "2", "object_repr": "Star Wars: Knights of the Old Republic", "action_flag": 2, "change_message": "[{\"changed\": {\"fields\": [\"Price\"]}}]"}}, {"model": "admin.logentry", "pk": 213, "fields": {"action_time": "2022-08-10T18:19:53.309Z", "user": 1, "content_type": 21, "object_id": "22", "object_repr": "Order 22", "action_flag": 2, "change_message": "[]"}}, {"model": "admin.logentry", "pk": 214, "fields": {"action_time": "2022-08-10T18:20:00.346Z", "user": 1, "content_type": 21, "object_id": "22", "object_repr": "Order 22", "action_flag": 2, "change_message": "[{\"changed\": {\"name\": \"order item\", \"object\": \"Order 22\", \"fields\": [\"Price\"]}}]"}}, {"model": "admin.logentry", "pk": 215, "fields": {"action_time": "2022-08-10T18:20:07.794Z", "user": 1, "content_type": 21, "object_id": "22", "object_repr": "Order 22", "action_flag": 2, "change_message": "[{\"changed\": {\"name\": \"order item\", \"object\": \"Order 22\", \"fields\": [\"Price\"]}}]"}}, {"model": "admin.logentry", "pk": 216, "fields": {"action_time": "2022-08-10T18:21:25.896Z", "user": 1, "content_type": 21, "object_id": "22", "object_repr": "Order 22", "action_flag": 2, "change_message": "[{\"changed\": {\"name\": \"order item\", \"object\": \"Order 22\", \"fields\": [\"Product\"]}}]"}}, {"model": "admin.logentry", "pk": 217, "fields": {"action_time": "2022-08-10T18:21:31.749Z", "user": 1, "content_type": 21, "object_id": "22", "object_repr": "Order 22", "action_flag": 2, "change_message": "[{\"changed\": {\"name\": \"order item\", \"object\": \"Order 22\", \"fields\": [\"Product\"]}}]"}}, {"model": "admin.logentry", "pk": 218, "fields": {"action_time": "2022-08-10T19:05:49.484Z", "user": 1, "content_type": 21, "object_id": "22", "object_repr": "Order 22", "action_flag": 2, "change_message": "[{\"changed\": {\"name\": \"order item\", \"object\": \"Order 22\", \"fields\": [\"Quantity\"]}}]"}}, {"model": "admin.logentry", "pk": 219, "fields": {"action_time": "2022-08-10T19:05:54.474Z", "user": 1, "content_type": 21, "object_id": "22", "object_repr": "Order 22", "action_flag": 2, "change_message": "[{\"changed\": {\"name\": \"order item\", \"object\": \"Order 22\", \"fields\": [\"Quantity\"]}}]"}}, {"model": "admin.logentry", "pk": 232, "fields": {"action_time": "2022-08-11T18:14:37.300Z", "user": 1, "content_type": 23, "object_id": "6", "object_repr": "dsfgdg", "action_flag": 1, "change_message": "[{\"added\": {}}]"}}, {"model": "admin.logentry", "pk": 233, "fields": {"action_time": "2022-08-11T18:14:47.117Z", "user": 1, "content_type": 23, "object_id": "1", "object_repr": "hello", "action_flag": 2, "change_message": "[{\"changed\": {\"fields\": [\"Author\"]}}]"}}, {"model": "admin.logentry", "pk": 234, "fields": {"action_time": "2022-08-12T10:17:28.390Z", "user": 1, "content_type": 23, "object_id": "5", "object_repr": "hellow dude", "action_flag": 2, "change_message": "[{\"changed\": {\"fields\": [\"Message\"]}}]"}}, {"model": "admin.logentry", "pk": 235, "fields": {"action_time": "2022-08-12T10:19:08.858Z", "user": 1, "content_type": 23, "object_id": "5", "object_repr": "hellow dude", "action_flag": 2, "change_message": "[{\"changed\": {\"fields\": [\"Is read\"]}}]"}}, {"model": "admin.logentry", "pk": 236, "fields": {"action_time": "2022-08-12T10:40:21.707Z", "user": 1, "content_type": 20, "object_id": "1", "object_repr": "admin", "action_flag": 2, "change_message": "[{\"changed\": {\"fields\": [\"Profile pic\"]}}]"}},  {"model": "admin.logentry", "pk": 246, "fields": {"action_time": "2022-08-12T10:50:24.261Z", "user": 1, "content_type": 23, "object_id": "8", "object_repr": "its chat", "action_flag": 1, "change_message": "[{\"added\": {}}]"}}, {"model": "admin.logentry", "pk": 247, "fields": {"action_time": "2022-08-12T10:50:48.272Z", "user": 1, "content_type": 23, "object_id": "9", "object_repr": "ok", "action_flag": 1, "change_message": "[{\"added\": {}}]"}}, {"model": "admin.logentry", "pk": 248, "fields": {"action_time": "2022-08-12T10:50:56.046Z", "user": 1, "content_type": 23, "object_id": "10", "object_repr": "ladna", "action_flag": 1, "change_message": "[{\"added\": {}}]"}}, {"model": "auth.user", "pk": 1, "fields": {"password": "pbkdf2_sha256$320000$n1AzYHu0C9da0jDQ2J2tGK$wOOWROLBhoMmRY9R6Xj6NLiYje8+lqpNNF4Wd65ZkLk=", "last_login": "2022-08-15T16:53:45.508Z", "is_superuser": true, "username": "admin", "first_name": "", "last_name": "", "email": "bym97m@mail.ru", "is_staff": true, "is_active": true, "date_joined": "2022-07-28T16:41:07.755Z", "groups": [], "user_permissions": []}}, {"model": "auth.user", "pk": 13, "fields": {"password": "pbkdf2_sha256$320000$NBb0wozgQ9UErGFolFTBJP$GcIpRs2mYyR3BOhopsdn/Si2xMDMO+prac8YumV9u84=", "last_login": "2022-08-15T16:53:37.382Z", "is_superuser": false, "username": "baradys", "first_name": "", "last_name": "", "email": "", "is_staff": false, "is_active": true, "date_joined": "2022-08-08T18:12:09.957Z", "groups": [], "user_permissions": []}}, {"model": "auth.user", "pk": 15, "fields": {"password": "pbkdf2_sha256$320000$hm2oKenztGybxc3E9Aew8E$HWGFiz7OcmRL8U6N6XhkXXdToNivgrFnV12i+4UKVJc=", "last_login": null, "is_superuser": false, "username": "katya", "first_name": "", "last_name": "", "email": "", "is_staff": false, "is_active": true, "date_joined": "2022-08-12T10:48:22.273Z", "groups": [], "user_permissions": []}}, {"model": "sessions.session", "pk": "0jcc03xcrlqy8xolybnfq63upy5e2xa1", "fields": {"session_data": "eyJjYXJ0Ijp7fX0:1oNehl:ff9vkYhPInHhR7CYz92YKSBFafb5d4hH3AaD3rwIl0M", "expire_date": "2022-08-29T18:20:49.006Z"}}, {"model": "sessions.session", "pk": "1fe3hvsiyvioi94ylq3msvqcuqiomlhg", "fields": {"session_data": "e30:1oL4nG:aHeaNK37FIQEdp7eG7A8GQihXAjqnzRooNQYK9SKEfY", "expire_date": "2022-08-22T15:35:50.598Z"}}, {"model": "sessions.session", "pk": "1nliun5k03g0zr3ju83za5cx693g10ii", "fields": {"session_data": ".eJxVjDEOgzAMAP_iuYqSOEbA2L1vQE7sFtoqkQhMiL8jJBbWu9NtkHheoN_2Bwy8LuOwVp2HSaAHh3CDkdNP82nky_lTTCp5madozsRctppXEf0_r_Y2GLmO59d3EoNH6wgZYxBqkibHlCLqG62SSmhJ1ZKLjbOtsDRth5bEk4YA-wFP7Ds2:1oMXgL:qdTnwnKr8mhhUjoAzAIrFqZYIyWjFkr3ok_x3dPzprQ", "expire_date": "2022-08-26T16:38:45.978Z"}}, {"model": "sessions.session", "pk": "2033n2hpy21nnpafasj8dmtna7od6b2g", "fields": {"session_data": ".eJxVjEEOgyAUBe_CuiHwEZUuu_cM5PGBYttoIrpqevdq4qLdvpl5b-GxrcVvNS1-jOIqtLj8bgH8TNMB4gPTfZY8T-syBnko8qRVDnNMr9vp_h0U1LLXxEQOWmetdJMdKwYcHNkcYDm2magxtNOE1LXBRNP1OjnHpodVgPh8AeVxOBU:1oJx9x:-keIU0E3D5CHJsHnSddA1nAau5oG8YrMaB-Fi1RWLbs", "expire_date": "2022-08-19T13:14:37.961Z"}}, {"model": "sessions.session", "pk": "c0uk6sjhgc3zg4kasdkchzm2bete4wcy", "fields": {"session_data": "e30:1oL3AF:XqOlC02_7jZcCHyV28mIstJUSjxVBEBRoj_7GiRonIY", "expire_date": "2022-08-22T13:51:27.651Z"}}, {"model": "sessions.session", "pk": "d7rxul9zvrdol55ts5imx62400bz5qge", "fields": {"session_data": ".eJxVjDsOgzAQBe-ydWThNQZMmT5nQM9rOyaJQOJTIe4ekGho38y8jQTTQu22P6jDuuRunePU9YFa0nTbPOQbhxOED4b3qGQclqn36lTURWf1GkP8PS_3dpAx56NmYXbQOulCl8lJIYCDY5s8rIQqMZeGDxoR68qbYOpGR-fENLAFQPsfLMQ7YQ:1oNFD2:_-e0Rhlv2c6nb1Tmgzg9KwGwghjCVC4OjxyAspGSDEw", "expire_date": "2022-08-28T15:07:24.625Z"}}, {"model": "sessions.session", "pk": "dn6xj97vllyo6s5p1crbrx7fk1ync3y8", "fields": {"session_data": ".eJxVjEEOgyAUBe_CuiHwEZUuu_cM5PGBYttoIrpqevdq4qLdvpl5b-GxrcVvNS1-jOIqtLj8bgH8TNMB4gPTfZY8T-syBnko8qRVDnNMr9vp_h0U1LLXxEQOWmetdJMdKwYcHNkcYDm2magxtNOE1LXBRNP1OjnHpodVgPh8AeVxOBU:1oK5FE:CzL3fe-XXJRzzbLg__9VKfxKKnGVuCPU_rA14YcbIac", "expire_date": "2022-08-19T21:52:36.349Z"}}, {"model": "sessions.session", "pk": "fi617rs53fzsao7ek1jewcws7ymsltks", "fields": {"session_data": ".eJxVjEEOgjAQAP-yZyEtbQlw9O4byLa7StG0CIUEDH83Tbx4nZnMBxzOCboPHNseDwo7F1scw17w5I9IhczuvWJIPu3QyQtMs3cMHUgh4Dwv0OOahn5deO49Za7gD1p0Tw7Z0IjhEUsXQ5q9LXNS_uxS3iLx6_pr_wYDLkP-Vi1ZXSkhjUJlNZnasZNonFV8V4INk24MszDS1lI0hFQ3rRKGKsNaw_kF1OJN5w:1oMrGz:kvy5REdVM42sEcBSuepgm5OzuuXpVniU_CuLJmko1Us", "expire_date": "2022-08-27T13:33:53.069Z"}}, {"model": "sessions.session", "pk": "ftxe82r80br3msoqdjkz7znyie88w9i2", "fields": {"session_data": ".eJxVjDsOgzAQBe_iOrLwmt9Sps8Z0PPaDiQRlgxUiLsHJIqkfTNvNtVjXYZ-nUPuR686ZdTtd3OQd5hO4F-YnklLmpY8On0q-qKzfiQfPvfL_QsMmIfjTULEMCaawpSRpRCAwVRFh0p8HYlKSwcNCE3trLdNawKz2BZVARxRQV5Ut-37FyUcO2E:1oIpI1:lAcfQXAgMJhegF-9-3sfT60Q6mJimal2sk5SBM-11rc", "expire_date": "2022-08-16T10:38:17.443Z"}}, {"model": "sessions.session", "pk": "jb0ejmhgzzxpow7may9jv3jvuij1ae8s", "fields": {"session_data": "e30:1oL4mZ:_p4YIsAYUt7I98FYyxUxGk3Z8cbsxc1yc4YVdRNP8Ds", "expire_date": "2022-08-22T15:35:07.581Z"}}, {"model": "sessions.session", "pk": "kcvleahzltw4c2bruu8vjoehc9s6fp49", "fields": {"session_data": ".eJxVjDEOgzAMAP_iuYqSOEbA2L1vQE7sFtoqkQhMiL8jJBbWu9NtkHheoN_2Bwy8LuOwVp2HSaAHh3CDkdNP82nky_lTTCp5madozsRctppXEf0_r_Y2GLmO59d3EoNH6wgZYxBqkibHlCLqG62SSmhJ1ZKLjbOtsDRth5bEk4YA-wFP7Ds2:1oNdbT:L_lSAwRNH8T5SY_X56zT8xVfy-JN_wxYwPnMxLHPT6M", "expire_date": "2022-08-29T17:10:15.655Z"}}, {"model": "sessions.session", "pk": "l7qs630dzl4mm4rys6d69ozdesa2352d", "fields": {"session_data": ".eJxVjDEOgzAMAP_iuYqSOEbA2L1vQE7sFtoqkQhMiL8jJBbWu9NtkHheoN_2Bwy8LuOwVp2HSaAHh3CDkdNP82nky_lTTCp5madozsRctppXEf0_r_Y2GLmO59d3EoNH6wgZYxBqkibHlCLqG62SSmhJ1ZKLjbOtsDRth5bEk4YA-wFP7Ds2:1oMrom:OxkwXvwRMyUv3R1iXFdUlN78fmvNCkuJXQE7wCRBeJ4", "expire_date": "2022-08-27T14:08:48.425Z"}}, {"model": "sessions.session", "pk": "ofv1cer1n1i1sljs8vayc3du6towpu60", "fields": {"session_data": ".eJxVjEEOgjAQAP-yZyAtbQly9O4byLa7StW0CsUECH83TbhwnZnMBg7HBN0G62-JK4WFy198hqXkj18jlXV23xlD8mmBThbwGb1j6EAKAfteQI9zGvp54rH3lLmCE7ToXhyyoSeGR6xcDGn0tspJddipukXi9_VoT4MBpyF_6wtZXSshjUJlNZnGsZNonFV8V4INk24NszDSNlK0hNS0FyUM1Ya1hv0P1a5N6A:1oMr4c:8N-TRu6JIXCqM75GyJ3RUboiun0VA_PCHxoy0SwS2Kc", "expire_date": "2022-08-27T13:21:06.165Z"}}, {"model": "sessions.session", "pk": "ok9eu8b9j42dtwx5n73xgaonrnunzaa5", "fields": {"session_data": ".eJxVjDsOgzAQBe-ydWThNQZMmT5nQM9rOyaJQOJTIe4ekGho38y8jQTTQu22P6jDuuRunePU9YFa0nTbPOQbhxOED4b3qGQclqn36lTURWf1GkP8PS_3dpAx56NmYXbQOulCl8lJIYCDY5s8rIQqMZeGDxoR68qbYOpGR-fENLAFQPsfLMQ7YQ:1oNdNZ:yLVvo0ia8dXee2E6LEXvSpiTU1sM99p-R_PK6UGs2bk", "expire_date": "2022-08-29T16:55:53.538Z"}}, {"model": "sessions.session", "pk": "z1huwm49jwnrsf1jny105xv7nmptpnnu", "fields": {"session_data": "e30:1oL39m:O0geOwVA3juemIvk5XwrfJdeUF-o4YR7GK4XQg1yQ9w", "expire_date": "2022-08-22T13:50:58.911Z"}}, {"model": "movies.countries", "pk": 1, "fields": {"name": "USA"}}, {"model": "movies.countries", "pk": 2, "fields": {"name": "UK"}}, {"model": "movies.countries", "pk": 3, "fields": {"name": "Iran"}}, {"model": "movies.countries", "pk": 4, "fields": {"name": "Canada"}}, {"model": "movies.countries", "pk": 5, "fields": {"name": "Russia"}}, {"model": "movies.countries", "pk": 6, "fields": {"name": "Israel"}}, {"model": "movies.actor", "pk": 1, "fields": {"first_name": "Лиам", "last_name": "Ниссон", "gender": "M", "slug": "liam-nisson", "birthday": "1952-06-07", "birthplace": 2, "carrier_role": []}}, {"model": "movies.actor", "pk": 2, "fields": {"first_name": "Юэн", "last_name": "Макгрегор", "gender": "M", "slug": "yuen-makgregor", "birthday": "1971-05-31", "birthplace": 2, "carrier_role": []}}, {"model": "movies.actor", "pk": 3, "fields": {"first_name": "Натали", "last_name": "Портман", "gender": "F", "slug": "natali-portman", "birthday": "1981-06-09", "birthplace": 6, "carrier_role": []}}, {"model": "movies.actor", "pk": 4, "fields": {"first_name": "Дэйзи", "last_name": "Ридли", "gender": "F", "slug": "dejzi-ridli", "birthday": "1982-05-10", "birthplace": 2, "carrier_role": []}}, {"model": "movies.actor", "pk": 5, "fields": {"first_name": "Адам", "last_name": "Драйвер", "gender": "M", "slug": "adam-drajver", "birthday": "1983-11-19", "birthplace": 1, "carrier_role": []}}, {"model": "movies.actor", "pk": 6, "fields": {"first_name": "Керри", "last_name": "Фишер", "gender": "F", "slug": "kerri-fisher", "birthday": "1956-10-23", "birthplace": 1, "carrier_role": []}}, {"model": "movies.actor", "pk": 7, "fields": {"first_name": "Марк", "last_name": "Хэмилл", "gender": "M", "slug": "mark-hemill", "birthday": "1951-09-25", "birthplace": 1, "carrier_role": []}}, {"model": "movies.actor", "pk": 8, "fields": {"first_name": "Харрисон", "last_name": "Форд", "gender": "M", "slug": "harrison-ford", "birthday": "1942-07-13", "birthplace": 1, "carrier_role": []}}, {"model": "movies.actor", "pk": 9, "fields": {"first_name": "Хейден", "last_name": "Кристенсен", "gender": "M", "slug": "hejden-kristensen", "birthday": "1981-04-19", "birthplace": 4, "carrier_role": []}}, {"model": "movies.composer", "pk": 1, "fields": {"first_name": "Джон", "last_name": "Уильямс", "slug": "dzhon-uilyams", "birthday": "1932-02-08"}}, {"model": "movies.composer", "pk": 2, "fields": {"first_name": "Ханс", "last_name": "Циммер", "slug": "hans-cimmer", "birthday": "1957-09-12"}}, {"model": "movies.director", "pk": 1, "fields": {"first_name": "Джей Джей", "last_name": "Абрамс", "slug": "dzhej-dzhej-abrams", "birthday": "1966-06-27"}}, {"model": "movies.director", "pk": 2, "fields": {"first_name": "Джордж", "last_name": "Лукас", "slug": "dzhordzh-lukas", "birthday": "1944-05-14"}}, {"model": "movies.director", "pk": 3, "fields": {"first_name": "Ирвин", "last_name": "Кершнер", "slug": "irvin-kershner", "birthday": "1923-04-29"}}, {"model": "movies.director", "pk": 4, "fields": {"first_name": "Ричард", "last_name": "Маркуэнд", "slug": "richard-markuend", "birthday": "1937-09-22"}}, {"model": "movies.movie", "pk": 1, "fields": {"name": "Звёздные войны: Эпизод 1 — Скрытая угроза", "director": 2, "composer": 1, "rating_rotten_tomatoes": 51, "rating_IMBd": "6.5", "timing": 136, "date": "1999-05-16", "year": 1999, "slug": "zvyozdnye-vojny-epizod-1", "action": -32, "poster": "movies/posters/star_wars_episode_1_poster.jpg", "video_link": "bD7bpG-zDJQ", "price": 100, "actors": [1, 2, 3], "countries": [1]}}, {"model": "movies.movie", "pk": 2, "fields": {"name": "Звёздные войны: Эпизод 2 — Атака клонов", "director": 2, "composer": 1, "rating_rotten_tomatoes": 56, "rating_IMBd": "6.6", "timing": 142, "date": "2002-05-12", "year": 2002, "slug": "zvyozdnye-vojny-epizod-2", "action": -22, "poster": "movies/posters/star_wars_episode_2_poster.jpg", "video_link": "gYbW1F_c9eM", "price": 100, "actors": [2, 3, 9], "countries": [1]}}, {"model": "movies.movie", "pk": 3, "fields": {"name": "Звёздные войны: Эпизод 3 — Месть ситхов", "director": 2, "composer": 1, "rating_rotten_tomatoes": 79, "rating_IMBd": "7.6", "timing": 140, "date": "2005-05-12", "year": 2005, "slug": "zvyozdnye-vojny-epizod-3", "action": -19, "poster": "movies/posters/star_wars_episode_3_poster.jpg", "video_link": "5UnjrG_N8hU", "price": 100, "actors": [2, 3, 9], "countries": []}}, {"model": "movies.movie", "pk": 4, "fields": {"name": "Звёздные войны: Эпизод 4 — Новая надежда", "director": 2, "composer": 1, "rating_rotten_tomatoes": 93, "rating_IMBd": "8.3", "timing": 121, "date": "1977-08-02", "year": 1977, "slug": "zvyozdnye-vojny-epizod-4", "action": 0, "poster": "movies/posters/star_wars_episode_4_poster.jpg", "video_link": "vZ734NWnAHA", "price": 200, "actors": [6, 7, 8], "countries": [1]}}, {"model": "movies.movie", "pk": 5, "fields": {"name": "Звёздные войны: Эпизод 5 — Империя наносит ответный удар", "director": 3, "composer": 1, "rating_rotten_tomatoes": 94, "rating_IMBd": "8.7", "timing": 124, "date": "1980-05-17", "year": 1980, "slug": "zvyozdnye-vojny-epizod-5", "action": 3, "poster": "movies/posters/star_wars_episode_5_poster.jpg", "video_link": "JNwNXF9Y6kY", "price": 200, "actors": [6, 7, 8], "countries": [1]}}, {"model": "movies.movie", "pk": 6, "fields": {"name": "Звёздные войны: Эпизод 6 — Возвращение Джедая", "director": 4, "composer": 1, "rating_rotten_tomatoes": 83, "rating_IMBd": "8.3", "timing": 131, "date": "1983-05-23", "year": 1983, "slug": "vyozdnye-vojny-epizod-6", "action": 4, "poster": "movies/posters/star_wars_episode_6_poster.jpg", "video_link": "7L8p7_SLzvU", "price": 200, "actors": [6, 7, 8], "countries": [1]}}, {"model": "movies.movie", "pk": 7, "fields": {"name": "Звёздные войны: Пробуждение силы", "director": 1, "composer": 1, "rating_rotten_tomatoes": 93, "rating_IMBd": "7.8", "timing": 138, "date": "2015-12-14", "year": 2015, "slug": "zvyozdnye-vojny-probuzhdenie-sily", "action": 34, "poster": "movies/posters/star_wars_episode_7_poster.jpg", "video_link": "sGbxmsDFVnE", "price": 300, "actors": [4, 5, 6, 7, 8], "countries": [1]}}, {"model": "movies.movie", "pk": 8, "fields": {"name": "Звёздные войны: Последние джедаи", "director": 1, "composer": 1, "rating_rotten_tomatoes": 91, "rating_IMBd": "7.2", "timing": 151, "date": "2017-12-09", "year": 2017, "slug": "zvyozdnye-vojny-poslednie-dzhedai", "action": 34, "poster": "movies/posters/star_wars_episode_8_poster.jpg", "video_link": "Q0CbN8sfihY", "price": 350, "actors": [4, 5, 6, 7], "countries": [1]}}, {"model": "movies.movie", "pk": 9, "fields": {"name": "Звёздные войны: Скайуокер. Восход", "director": 1, "composer": 1, "rating_rotten_tomatoes": 52, "rating_IMBd": "6.4", "timing": 141, "date": "2019-12-16", "year": 2019, "slug": "zvyozdnye-vojny-skajuoker-voshod", "action": 35, "poster": "movies/posters/star_wars_episode_9_poster.jpg", "video_link": "8Qn_spdM5Zg", "price": 400, "actors": [4, 5], "countries": [1]}}, {"model": "movies.feedback", "pk": 58, "fields": {"movie": 4, "user": 13, "name": "its good", "body": "good", "created": "2022-08-09T19:32:59.659Z", "updated": "2022-08-09T19:32:59.659Z"}}, {"model": "movies.feedback", "pk": 59, "fields": {"movie": 1, "user": 13, "name": "hello", "body": "how are u", "created": "2022-08-10T12:44:25.442Z", "updated": "2022-08-10T12:44:25.442Z"}}, {"model": "movies.comment", "pk": 1, "fields": {"feedback": 58, "user": 13, "name": "rly?\r\nrly?", "body": "what", "created": "2022-08-09T19:33:11.823Z", "updated": "2022-08-09T19:33:11.823Z"}}, {"model": "movies.rating", "pk": 23, "fields": {"user": 1, "movie": 2, "rating": 1}}, {"model": "movies.rating", "pk": 24, "fields": {"user": 1, "movie": 1, "rating": 1}}, {"model": "movies.rating", "pk": 25, "fields": {"user": 1, "movie": 1, "rating": 1}}, {"model": "movies.rating", "pk": 26, "fields": {"user": 13, "movie": 1, "rating": 1}}, {"model": "movies.rating", "pk": 27, "fields": {"user": 13, "movie": 1, "rating": 1}}, {"model": "games.game", "pk": 1, "fields": {"name": "Star Wars: Fallen Order", "price": 1590, "slug": "star-wars-fallen-order"}}, {"model": "games.game", "pk": 2, "fields": {"name": "Star Wars: Knights of the Old Republic", "price": 50, "slug": "star-wars-knights-of-the-old-republic"}}, {"model": "orders.order", "pk": 22, "fields": {"user": 1, "email": "bym97m@mail.ru", "created": "2022-08-10T17:15:41.346Z", "updated": "2022-08-10T19:05:54.471Z", "paid": false}}, {"model": "orders.order", "pk": 23, "fields": {"user": 1, "email": "bym97m@mail.ru", "created": "2022-08-10T19:14:24.764Z", "updated": "2022-08-10T19:14:24.764Z", "paid": false}}, {"model": "orders.order", "pk": 24, "fields": {"user": 13, "email": "dolininakate28@gmail.com", "created": "2022-08-10T19:15:04.551Z", "updated": "2022-08-10T19:15:04.551Z", "paid": false}}, {"model": "orders.order", "pk": 25, "fields": {"user": 1, "email": "bym97m@mail.ru", "created": "2022-08-11T14:01:38.043Z", "updated": "2022-08-11T14:01:38.043Z", "paid": false}}, {"model": "orders.order", "pk": 26, "fields": {"user": 1, "email": "dolininakate28@gmail.com", "created": "2022-08-12T17:39:03.419Z", "updated": "2022-08-12T17:39:03.419Z", "paid": false}}, {"model": "orders.order", "pk": 27, "fields": {"user": 1, "email": "bym97m@mail.ru", "created": "2022-08-13T09:24:20.751Z", "updated": "2022-08-13T09:24:20.751Z", "paid": false}}, {"model": "orders.order", "pk": 28, "fields": {"user": 13, "email": "bym97m@mail.ru", "created": "2022-08-15T16:34:03.436Z", "updated": "2022-08-15T16:34:03.436Z", "paid": false}}, {"model": "orders.order", "pk": 29, "fields": {"user": 13, "email": "dolininakate28@gmail.com", "created": "2022-08-15T16:34:17.773Z", "updated": "2022-08-15T16:34:17.773Z", "paid": false}}, {"model": "orders.order", "pk": 30, "fields": {"user": 13, "email": "dolininakate28@gmail.com", "created": "2022-08-15T16:34:33.434Z", "updated": "2022-08-15T16:34:33.434Z", "paid": false}}, {"model": "orders.orderitem", "pk": 24, "fields": {"order": 22, "product": "M", "game": null, "movie": 2, "price": "100.00", "quantity": 21}}, {"model": "orders.orderitem", "pk": 25, "fields": {"order": 22, "product": "G", "game": 2, "movie": null, "price": "50.00", "quantity": 1}}, {"model": "orders.orderitem", "pk": 26, "fields": {"order": 23, "product": "M", "game": null, "movie": 8, "price": "350.00", "quantity": 1}}, {"model": "orders.orderitem", "pk": 27, "fields": {"order": 24, "product": "G", "game": 2, "movie": null, "price": "50.00", "quantity": 1}}, {"model": "orders.orderitem", "pk": 28, "fields": {"order": 24, "product": "M", "game": null, "movie": 4, "price": "200.00", "quantity": 1}}, {"model": "orders.orderitem", "pk": 29, "fields": {"order": 25, "product": "M", "game": null, "movie": 9, "price": "400.00", "quantity": 1}}, {"model": "orders.orderitem", "pk": 30, "fields": {"order": 26, "product": "M", "game": null, "movie": 6, "price": "200.00", "quantity": 1}}, {"model": "orders.orderitem", "pk": 31, "fields": {"order": 27, "product": "M", "game": null, "movie": 9, "price": "400.00", "quantity": 1}}, {"model": "orders.orderitem", "pk": 32, "fields": {"order": 28, "product": "M", "game": null, "movie": 1, "price": "100.00", "quantity": 1}}, {"model": "orders.orderitem", "pk": 33, "fields": {"order": 29, "product": "G", "game": 2, "movie": null, "price": "50.00", "quantity": 1}}, {"model": "orders.orderitem", "pk": 34, "fields": {"order": 30, "product": "G", "game": 1, "movie": null, "price": "1590.00", "quantity": 1}}]